WKT,Name,OBJECTID,UKATEGORIE,UTYP1,UART,UMONAT,USTUNDE,UWOCHENTAG,STRZUSTAND,ULICHTVERH,ISTRAD,ISTPKW,ISTFUSS,ISTKRAD
"POINT (9.867541909000067 52.498777997000047)",Unfall 81848 (2019) Kat:2, Licht: 0,81848,2,7,0,08,15,1,0,0,1,0,0,0
"POINT (9.820907159000058 52.407924770000079)",Unfall 81849 (2019) Kat:3, Licht: 0,81849,3,2,5,08,19,1,0,0,0,1,0,0
"POINT (9.740188051000075 52.368251737000037)",Unfall 81850 (2019) Kat:2, Licht: 2,81850,2,3,5,08,01,1,0,2,1,1,0,0
"POINT (9.361319178000031 52.453924443000062)",Unfall 81900 (2019) Kat:3, Licht: 0,81900,3,6,4,07,14,1,0,0,0,1,0,1
"POINT (9.848586359000024 52.491032991000054)",Unfall 81901 (2019) Kat:3, Licht: 0,81901,3,1,0,07,19,1,1,0,0,0,0,1
"POINT (9.654101985000068 52.408411228000034)",Unfall 81905 (2019) Kat:3, Licht: 0,81905,3,6,2,07,18,1,0,0,0,1,0,0
"POINT (9.779042304000029 52.573366930000077)",Unfall 81909 (2019) Kat:3, Licht: 0,81909,3,6,2,07,18,1,0,0,0,1,0,1
"POINT (9.730348501000037 52.209837872000037)",Unfall 81910 (2019) Kat:2, Licht: 0,81910,2,6,9,07,16,1,0,0,0,1,0,0
"POINT (9.736761284000068 52.368608361000042)",Unfall 81912 (2019) Kat:3, Licht: 0,81912,3,1,0,07,10,1,0,0,1,0,0,0
"POINT (9.624842096000066 52.424829362000082)",Unfall 81939 (2019) Kat:3, Licht: 0,81939,3,6,2,08,12,7,0,0,0,1,0,0
"POINT (9.689956231000053 52.272981640000069)",Unfall 81941 (2019) Kat:2, Licht: 2,81941,2,1,9,08,03,7,0,2,0,1,0,0
"POINT (9.864649270000029 52.447622052000042)",Unfall 81942 (2019) Kat:3, Licht: 2,81942,3,1,8,08,01,7,0,2,0,1,0,0
"POINT (9.448169715000063 52.423423154000034)",Unfall 82027 (2019) Kat:3, Licht: 0,82027,3,6,2,07,18,7,0,0,0,1,0,0
"POINT (9.517019535000031 52.173707853000053)",Unfall 82028 (2019) Kat:3, Licht: 0,82028,3,6,3,07,14,7,0,0,0,1,0,0
"POINT (9.717874404000042 52.608595406000063)",Unfall 82029 (2019) Kat:3, Licht: 0,82029,3,6,2,07,13,7,0,0,0,1,0,0
"POINT (9.959524757000054 52.456079114000033)",Unfall 82036 (2019) Kat:2, Licht: 0,82036,2,1,9,07,16,7,0,0,0,0,0,1
"POINT (9.823515145000044 52.384220151000079)",Unfall 82037 (2019) Kat:3, Licht: 0,82037,3,2,5,07,15,7,0,0,0,1,0,0
"POINT (9.714887702000056 52.366612371000031)",Unfall 82059 (2019) Kat:3, Licht: 0,82059,3,2,5,08,12,6,0,0,1,1,0,0
"POINT (9.453039034000028 52.510818876000030)",Unfall 82064 (2019) Kat:3, Licht: 0,82064,3,3,0,08,09,6,0,0,1,1,0,0
"POINT (9.705269374000068 52.412755826000080)",Unfall 82066 (2019) Kat:3, Licht: 2,82066,3,1,8,08,20,6,1,2,0,1,0,0
"POINT (9.641879383000060 52.414697411000077)",Unfall 82070 (2019) Kat:3, Licht: 2,82070,3,6,2,08,21,6,1,2,0,1,0,0
"POINT (9.724593004000042 52.380003417000069)",Unfall 82074 (2019) Kat:3, Licht: 0,82074,3,6,2,08,19,6,1,0,0,1,0,0
"POINT (9.789895756000021 52.349068505000048)",Unfall 82076 (2019) Kat:3, Licht: 0,82076,3,6,2,08,17,6,0,0,0,1,0,0
"POINT (9.760861042000045 52.347053828000071)",Unfall 82077 (2019) Kat:2, Licht: 0,82077,2,1,0,08,16,6,1,0,1,0,0,0
"POINT (9.736280432000058 52.397817772000053)",Unfall 82080 (2019) Kat:3, Licht: 0,82080,3,6,2,08,11,6,0,0,0,0,0,1
"POINT (9.798340675000077 52.412467277000076)",Unfall 82081 (2019) Kat:3, Licht: 0,82081,3,7,0,08,07,6,0,0,1,0,0,0
"POINT (9.714251165000064 52.362236179000035)",Unfall 82104 (2019) Kat:3, Licht: 0,82104,3,2,5,08,16,5,0,0,0,1,0,0
"POINT (9.760914084000035 52.346991577000040)",Unfall 82108 (2019) Kat:3, Licht: 0,82108,3,3,5,08,17,5,0,0,1,0,0,0
"POINT (9.733822777000057 52.385991876000048)",Unfall 82111 (2019) Kat:3, Licht: 0,82111,3,6,2,08,16,5,0,0,0,1,0,0
"POINT (9.630639008000060 52.330662226000072)",Unfall 82116 (2019) Kat:3, Licht: 0,82116,3,6,2,08,17,5,0,0,0,1,0,0
"POINT (9.732257911000033 52.311608812000031)",Unfall 82119 (2019) Kat:3, Licht: 0,82119,3,6,2,08,13,5,0,0,0,1,0,0
"POINT (9.550601089000054 52.440906166000048)",Unfall 82121 (2019) Kat:3, Licht: 0,82121,3,3,5,08,07,5,0,0,1,1,0,0
"POINT (9.973551147000023 52.383939646000044)",Unfall 82123 (2019) Kat:3, Licht: 0,82123,3,6,2,08,14,5,0,0,0,1,0,0
"POINT (9.854265880000071 52.390407101000051)",Unfall 82128 (2019) Kat:2, Licht: 0,82128,2,1,0,08,11,5,0,0,0,0,0,1
"POINT (9.746716381000056 52.365079524000066)",Unfall 82156 (2019) Kat:3, Licht: 0,82156,3,6,2,07,13,6,0,0,0,1,0,0
"POINT (9.495473296000057 52.419959777000031)",Unfall 82161 (2019) Kat:3, Licht: 0,82161,3,2,4,07,13,6,0,0,1,1,0,0
"POINT (9.724280726000075 52.602830489000041)",Unfall 82163 (2019) Kat:3, Licht: 0,82163,3,3,5,07,19,6,0,0,0,1,0,0
"POINT (9.564474839000070 52.422156277000056)",Unfall 82175 (2019) Kat:3, Licht: 0,82175,3,6,2,07,07,6,0,0,0,1,0,0
"POINT (9.731598823000070 52.369409839000070)",Unfall 82187 (2019) Kat:3, Licht: 0,82187,3,2,5,08,17,5,0,0,1,1,0,0
"POINT (9.646078694000039 52.406272922000028)",Unfall 82192 (2019) Kat:3, Licht: 0,82192,3,6,2,08,13,5,0,0,0,1,0,0
"POINT (9.517121046000057 52.346422715000074)",Unfall 82193 (2019) Kat:3, Licht: 0,82193,3,1,0,08,19,5,0,0,1,0,0,0
"POINT (9.795163185000035 52.557242811000037)",Unfall 82199 (2019) Kat:3, Licht: 0,82199,3,3,5,08,18,5,0,0,1,1,0,0
"POINT (9.837934874000041 52.421490137000035)",Unfall 82200 (2019) Kat:3, Licht: 0,82200,3,6,3,08,09,5,0,0,0,1,0,0
"POINT (9.673484822000035 52.428644551000048)",Unfall 82206 (2019) Kat:2, Licht: 0,82206,2,7,7,08,19,5,0,0,0,1,0,0
"POINT (9.832047058000057 52.409386608000034)",Unfall 82208 (2019) Kat:3, Licht: 0,82208,3,6,2,08,16,5,0,0,0,1,0,0
"POINT (9.754403315000047 52.370057523000071)",Unfall 82209 (2019) Kat:3, Licht: 0,82209,3,6,3,08,11,5,0,0,0,1,0,1
"POINT (9.576036490000035 52.189225315000044)",Unfall 82232 (2019) Kat:3, Licht: 0,82232,3,2,2,08,10,4,0,0,0,1,0,1
"POINT (9.455163205000076 52.507787788000030)",Unfall 82236 (2019) Kat:3, Licht: 0,82236,3,2,2,08,15,4,0,0,1,0,0,0
"POINT (9.732992242000023 52.471279812000034)",Unfall 82240 (2019) Kat:3, Licht: 0,82240,3,6,2,08,16,4,0,0,0,1,0,0
"POINT (9.791164688000038 52.557041841000057)",Unfall 82243 (2019) Kat:3, Licht: 2,82243,3,6,2,08,21,4,1,2,0,1,0,0
"POINT (9.434175501000027 52.422093436000068)",Unfall 82245 (2019) Kat:3, Licht: 0,82245,3,3,5,07,16,5,0,0,0,1,0,0
"POINT (9.723510206000071 52.325060089000033)",Unfall 82246 (2019) Kat:3, Licht: 0,82246,3,6,2,07,09,5,0,0,0,1,0,0
"POINT (9.665243996000072 52.336282311000048)",Unfall 82247 (2019) Kat:3, Licht: 0,82247,3,6,2,07,09,5,0,0,0,1,0,0
"POINT (9.728149530000053 52.533413508000081)",Unfall 82248 (2019) Kat:2, Licht: 0,82248,2,7,0,08,18,4,0,0,0,1,0,0
"POINT (9.778121225000064 52.373292590000062)",Unfall 82251 (2019) Kat:3, Licht: 0,82251,3,6,2,08,16,4,0,0,0,1,0,0
"POINT (9.395539369000062 52.601401584000030)",Unfall 82252 (2019) Kat:3, Licht: 0,82252,3,1,9,07,09,5,0,0,0,1,0,0
"POINT (9.594670269000062 52.423554146000072)",Unfall 82253 (2019) Kat:3, Licht: 0,82253,3,6,2,08,10,4,0,0,0,0,0,0
"POINT (9.483045500000060 52.293090881000069)",Unfall 82254 (2019) Kat:3, Licht: 0,82254,3,7,0,07,06,5,0,0,0,0,0,0
"POINT (10.125403236000068 52.371970630000078)",Unfall 82255 (2019) Kat:3, Licht: 0,82255,3,2,4,07,15,5,0,0,0,1,0,0
"POINT (9.696385850000070 52.379804833000037)",Unfall 82260 (2019) Kat:2, Licht: 2,82260,2,2,5,07,23,5,0,2,0,1,0,0
"POINT (9.806587368000066 52.336336053000082)",Unfall 82262 (2019) Kat:3, Licht: 0,82262,3,7,9,07,15,5,0,0,0,1,0,1
"POINT (9.677979602000050 52.360428313000057)",Unfall 82266 (2019) Kat:2, Licht: 0,82266,2,3,5,07,16,5,0,0,0,1,0,1
"POINT (9.570051475000071 52.453360411000062)",Unfall 82272 (2019) Kat:2, Licht: 0,82272,2,2,5,07,13,5,0,0,0,0,0,1
"POINT (9.863520983000058 52.329201930000067)",Unfall 82274 (2019) Kat:3, Licht: 0,82274,3,6,9,07,13,5,0,0,0,1,0,0
"POINT (9.790369806000058 52.429982551000080)",Unfall 82275 (2019) Kat:3, Licht: 0,82275,3,6,2,07,13,5,0,0,0,1,0,0
"POINT (9.696226252000031 52.379648099000065)",Unfall 82323 (2019) Kat:3, Licht: 0,82323,3,7,5,07,19,4,0,0,0,1,0,0
"POINT (9.762170603000072 52.370417332000045)",Unfall 82324 (2019) Kat:3, Licht: 0,82324,3,2,5,07,12,4,0,0,1,1,0,0
"POINT (9.720477719000030 52.391490719000046)",Unfall 82326 (2019) Kat:3, Licht: 0,82326,3,1,0,07,10,4,0,0,1,0,0,0
"POINT (10.027018002000034 52.453581505000045)",Unfall 82331 (2019) Kat:3, Licht: 0,82331,3,6,2,07,13,4,0,0,0,1,0,0
"POINT (9.870748421000030 52.309618396000076)",Unfall 82332 (2019) Kat:2, Licht: 0,82332,2,6,9,07,15,4,0,0,0,1,0,0
"POINT (9.856006719000050 52.388847515000066)",Unfall 82340 (2019) Kat:3, Licht: 0,82340,3,3,5,08,15,3,0,0,0,1,0,0
"POINT (9.727530057000024 52.386969373000056)",Unfall 82341 (2019) Kat:3, Licht: 0,82341,3,1,8,08,10,3,1,0,0,1,0,1
"POINT (9.823899194000035 52.413801949000060)",Unfall 82344 (2019) Kat:3, Licht: 0,82344,3,2,5,08,17,3,0,0,0,1,0,0
"POINT (9.632099790000041 52.410698496000066)",Unfall 82345 (2019) Kat:3, Licht: 0,82345,3,1,8,07,06,4,1,0,0,1,0,0
"POINT (9.734065628000053 52.309396185000026)",Unfall 82347 (2019) Kat:2, Licht: 0,82347,2,6,4,08,09,3,0,0,1,0,0,0
"POINT (9.726766502000032 52.544562733000078)",Unfall 82351 (2019) Kat:3, Licht: 0,82351,3,3,5,08,15,3,0,0,0,1,0,0
"POINT (9.763347240000030 52.343932005000056)",Unfall 82385 (2019) Kat:3, Licht: 0,82385,3,2,5,07,11,4,0,0,1,1,0,0
"POINT (9.735608712000044 52.403213512000036)",Unfall 82386 (2019) Kat:3, Licht: 0,82386,3,6,2,07,17,4,0,0,0,1,0,0
"POINT (9.729681260000064 52.384168854000052)",Unfall 82387 (2019) Kat:3, Licht: 0,82387,3,5,1,07,13,4,0,0,1,1,0,0
"POINT (9.411406974000045 52.427668074000053)",Unfall 82391 (2019) Kat:3, Licht: 0,82391,3,3,5,07,10,4,0,0,1,1,0,0
"POINT (9.592733669000040 52.396117654000079)",Unfall 82393 (2019) Kat:3, Licht: 0,82393,3,5,0,07,15,4,0,0,1,1,0,0
"POINT (9.690301858000055 52.377251493000074)",Unfall 82394 (2019) Kat:3, Licht: 0,82394,3,7,0,07,17,4,0,0,1,0,0,0
"POINT (9.931084198000065 52.393577880000066)",Unfall 82398 (2019) Kat:3, Licht: 0,82398,3,6,3,07,13,4,0,0,0,1,0,0
"POINT (9.753102041000034 52.369971860000078)",Unfall 82404 (2019) Kat:3, Licht: 0,82404,3,3,5,07,06,4,0,0,1,0,0,0
"POINT (9.744707277000032 52.367498707000038)",Unfall 82441 (2019) Kat:3, Licht: 0,82441,3,2,3,07,12,3,0,0,1,1,0,0
"POINT (9.663401596000028 52.315863525000054)",Unfall 82443 (2019) Kat:3, Licht: 0,82443,3,3,5,07,21,3,0,0,0,1,0,0
"POINT (9.725533709000047 52.322440301000029)",Unfall 82448 (2019) Kat:3, Licht: 2,82448,3,1,0,07,22,3,0,2,1,0,0,0
"POINT (9.532918054000049 52.560457218000067)",Unfall 82449 (2019) Kat:3, Licht: 0,82449,3,1,9,07,06,3,0,0,0,1,0,0
"POINT (9.466157814000042 52.320551459000058)",Unfall 82455 (2019) Kat:3, Licht: 0,82455,3,6,2,07,14,3,0,0,0,1,0,0
"POINT (9.725203863000047 52.563329220000071)",Unfall 82457 (2019) Kat:3, Licht: 0,82457,3,3,5,07,12,3,0,0,1,1,0,0
"POINT (9.760177540000029 52.587241287000040)",Unfall 82458 (2019) Kat:3, Licht: 0,82458,3,6,2,07,09,3,0,0,0,1,0,0
"POINT (9.708910838000065 52.366066181000065)",Unfall 82461 (2019) Kat:3, Licht: 0,82461,3,2,6,07,10,3,0,0,0,1,1,0
"POINT (9.734119105000048 52.369071241000029)",Unfall 82464 (2019) Kat:3, Licht: 0,82464,3,7,2,08,07,2,0,0,0,1,0,0
"POINT (9.732285728000022 52.383120484000074)",Unfall 82468 (2019) Kat:3, Licht: 0,82468,3,2,5,08,18,2,1,0,0,1,0,0
"POINT (9.486184303000073 52.305143245000068)",Unfall 82479 (2019) Kat:3, Licht: 0,82479,3,3,5,08,14,2,0,0,1,1,0,0
"POINT (9.913172338000038 52.272604109000042)",Unfall 82480 (2019) Kat:3, Licht: 0,82480,3,7,2,07,16,3,0,0,0,1,0,0
"POINT (9.954424829000061 52.372408866000058)",Unfall 82484 (2019) Kat:3, Licht: 2,82484,3,7,7,08,22,2,0,2,1,0,0,0
"POINT (9.811086267000064 52.333047264000072)",Unfall 82487 (2019) Kat:2, Licht: 0,82487,2,1,9,08,15,2,0,0,0,1,0,1
"POINT (9.749843862000034 52.369268604000069)",Unfall 82489 (2019) Kat:3, Licht: 0,82489,3,2,2,08,09,2,0,0,0,1,0,0
"POINT (9.697858448000034 52.347579106000069)",Unfall 82514 (2019) Kat:3, Licht: 0,82514,3,6,2,07,15,3,0,0,0,1,0,0
"POINT (9.698840364000034 52.375443792000056)",Unfall 82520 (2019) Kat:3, Licht: 0,82520,3,5,2,07,13,3,0,0,0,0,0,0
"POINT (9.735789915000055 52.399853408000070)",Unfall 82521 (2019) Kat:3, Licht: 0,82521,3,6,2,07,14,3,0,0,0,1,0,0
"POINT (9.839295536000066 52.490696650000075)",Unfall 82522 (2019) Kat:2, Licht: 0,82522,2,2,5,07,19,3,0,0,1,1,0,0
"POINT (9.774408328000050 52.371245964000082)",Unfall 82527 (2019) Kat:3, Licht: 0,82527,3,6,3,07,10,3,0,0,0,1,0,0
"POINT (9.427736894000077 52.431088446000047)",Unfall 82591 (2019) Kat:3, Licht: 0,82591,3,2,2,07,15,2,0,0,0,1,0,0
"POINT (9.837442960000033 52.387340009000070)",Unfall 82596 (2019) Kat:3, Licht: 0,82596,3,3,5,07,14,2,0,0,1,1,0,0
"POINT (9.604831785000044 52.454173120000064)",Unfall 82619 (2019) Kat:3, Licht: 2,82619,3,7,0,08,03,4,0,2,1,0,0,0
"POINT (9.920200662000070 52.591788590000078)",Unfall 82620 (2019) Kat:3, Licht: 0,82620,3,7,8,08,20,4,0,0,1,0,0,0
"POINT (9.991620186000034 52.459111490000055)",Unfall 82622 (2019) Kat:3, Licht: 0,82622,3,7,8,08,16,4,0,0,1,1,0,0
"POINT (10.056262271000037 52.408168482000065)",Unfall 82623 (2019) Kat:3, Licht: 0,82623,3,7,8,08,07,4,0,0,0,0,0,0
"POINT (9.733642487000054 52.384455306000064)",Unfall 82624 (2019) Kat:2, Licht: 2,82624,2,1,0,08,01,4,0,2,1,0,0,0
"POINT (9.763449292000075 52.343832852000048)",Unfall 82648 (2019) Kat:3, Licht: 0,82648,3,2,5,08,18,6,1,0,1,1,0,0
"POINT (9.755677879000075 52.370126644000038)",Unfall 82676 (2019) Kat:3, Licht: 0,82676,3,5,1,08,17,3,0,0,0,0,0,0
"POINT (9.702186241000049 52.414820483000028)",Unfall 82677 (2019) Kat:3, Licht: 0,82677,3,6,2,08,08,3,0,0,0,1,0,0
"POINT (9.294314229000065 52.490953569000055)",Unfall 82678 (2019) Kat:3, Licht: 0,82678,3,3,5,08,11,3,0,0,1,1,0,0
"POINT (9.450740177000057 52.467358210000043)",Unfall 82679 (2019) Kat:3, Licht: 0,82679,3,7,0,08,15,3,1,0,1,0,0,0
"POINT (9.909982259000060 52.396104928000057)",Unfall 82680 (2019) Kat:3, Licht: 0,82680,3,6,3,08,17,3,0,0,0,1,0,0
"POINT (9.699234415000035 52.347224102000041)",Unfall 82681 (2019) Kat:3, Licht: 2,82681,3,7,9,08,03,3,0,2,0,1,0,0
"POINT (9.727214060000051 52.367038302000026)",Unfall 82728 (2019) Kat:3, Licht: 2,82728,3,7,0,08,20,2,1,2,0,0,0,1
"POINT (9.768015156000047 52.174625934000062)",Unfall 82729 (2019) Kat:3, Licht: 0,82729,3,1,8,08,16,2,0,0,0,0,0,1
"POINT (10.115295259000050 52.355910210000047)",Unfall 82730 (2019) Kat:3, Licht: 0,82730,3,7,0,08,19,2,0,0,1,0,0,0
"POINT (9.732584409000026 52.471026407000068)",Unfall 82731 (2019) Kat:3, Licht: 0,82731,3,2,4,08,11,2,0,0,0,1,0,0
"POINT (9.717952259000072 52.315768270000035)",Unfall 82732 (2019) Kat:2, Licht: 0,82732,2,1,0,08,18,2,0,0,1,0,0,0
"POINT (9.528839294000022 52.498383130000036)",Unfall 82734 (2019) Kat:2, Licht: 0,82734,2,3,5,08,07,2,0,0,0,1,0,1
"POINT (9.866495241000052 52.304535195000028)",Unfall 82735 (2019) Kat:3, Licht: 1,82735,3,7,8,08,07,2,0,1,0,1,0,0
"POINT (9.945292479000045 52.333442589000072)",Unfall 82781 (2019) Kat:3, Licht: 0,82781,3,4,0,08,16,1,0,0,0,1,1,1
"POINT (10.133711402000074 52.459371476000058)",Unfall 82782 (2019) Kat:3, Licht: 2,82782,3,6,2,08,04,1,0,2,0,1,0,0
"POINT (9.726296180000077 52.366093694000028)",Unfall 82783 (2019) Kat:3, Licht: 2,82783,3,6,3,08,04,1,0,2,0,1,0,1
"POINT (9.793294993000075 52.416314036000074)",Unfall 82784 (2019) Kat:3, Licht: 0,82784,3,3,5,08,09,1,0,0,1,1,0,0
"POINT (9.696410791000062 52.379950695000048)",Unfall 82823 (2019) Kat:3, Licht: 0,82823,3,6,2,08,15,7,0,0,0,1,0,0
"POINT (9.752668844000027 52.357318288000045)",Unfall 82824 (2019) Kat:3, Licht: 2,82824,3,5,1,08,02,7,0,2,1,1,0,0
"POINT (9.703365156000075 52.422928935000073)",Unfall 82825 (2019) Kat:3, Licht: 0,82825,3,6,2,08,12,7,0,0,0,1,0,0
"POINT (9.736282772000038 52.398364713000035)",Unfall 82826 (2019) Kat:3, Licht: 0,82826,3,6,3,08,10,7,0,0,0,1,0,1
"POINT (9.728299012000036 52.381598455000073)",Unfall 82827 (2019) Kat:3, Licht: 2,82827,3,3,5,08,22,7,0,2,1,1,0,0
"POINT (9.776372474000027 52.575783214000069)",Unfall 82828 (2019) Kat:3, Licht: 0,82828,3,6,2,08,10,7,0,0,0,1,0,0
"POINT (10.072788844000058 52.367762692000042)",Unfall 82829 (2019) Kat:3, Licht: 0,82829,3,7,2,08,06,6,0,0,0,1,0,0
"POINT (9.952944927000033 52.390873869000075)",Unfall 82830 (2019) Kat:3, Licht: 0,82830,3,1,9,08,06,7,0,0,0,1,0,0
"POINT (9.714315148000026 52.361094467000044)",Unfall 82842 (2019) Kat:3, Licht: 0,82842,3,2,5,08,13,6,0,0,0,1,0,0
"POINT (9.726853846000040 52.375654735000069)",Unfall 82912 (2019) Kat:3, Licht: 0,82912,3,3,5,08,19,2,0,0,1,0,0,0
"POINT (9.578377054000043 52.366687623000075)",Unfall 82913 (2019) Kat:2, Licht: 0,82913,2,2,5,08,15,2,0,0,1,0,0,0
"POINT (9.728448432000050 52.368009432000065)",Unfall 82914 (2019) Kat:3, Licht: 0,82914,3,3,5,08,14,2,0,0,1,1,0,0
"POINT (9.743315680000023 52.547440423000069)",Unfall 82915 (2019) Kat:3, Licht: 0,82915,3,3,5,08,14,2,0,0,1,1,0,0
"POINT (9.791814897000052 52.556180451000046)",Unfall 82916 (2019) Kat:3, Licht: 0,82916,3,6,3,08,13,2,0,0,0,1,0,0
"POINT (9.733143517000030 52.384042729000043)",Unfall 82917 (2019) Kat:3, Licht: 0,82917,3,6,3,08,07,2,0,0,1,0,0,0
"POINT (9.603461885000058 52.333525613000063)",Unfall 82941 (2019) Kat:3, Licht: 0,82941,3,6,2,08,17,3,0,0,0,1,0,0
"POINT (10.197768985000039 52.464163909000035)",Unfall 82952 (2019) Kat:2, Licht: 0,82952,2,7,0,08,10,3,0,0,0,1,0,0
"POINT (9.623206577000076 52.330003157000078)",Unfall 82956 (2019) Kat:2, Licht: 0,82956,2,6,2,08,07,3,0,0,0,1,0,0
"POINT (9.754932516000054 52.287077535000037)",Unfall 82969 (2019) Kat:3, Licht: 1,82969,3,1,8,08,06,1,0,1,0,1,0,0
"POINT (9.725806281000075 52.546737263000068)",Unfall 82970 (2019) Kat:3, Licht: 0,82970,3,2,5,08,16,1,1,0,1,1,0,0
"POINT (9.945259835000059 52.333456759000057)",Unfall 82971 (2019) Kat:3, Licht: 0,82971,3,6,2,08,17,1,1,0,0,1,0,0
"POINT (10.027878124000040 52.316448182000045)",Unfall 82972 (2019) Kat:3, Licht: 0,82972,3,1,9,08,14,1,1,0,0,1,0,0
"POINT (10.012393164000059 52.479061921000039)",Unfall 82973 (2019) Kat:3, Licht: 2,82973,3,1,8,08,22,1,0,2,0,1,0,0
"POINT (9.872501398000054 52.310673337000026)",Unfall 82974 (2019) Kat:3, Licht: 0,82974,3,2,5,08,16,1,1,0,0,1,0,0
"POINT (9.605545194000058 52.601677667000047)",Unfall 82975 (2019) Kat:2, Licht: 0,82975,2,1,8,08,15,1,1,0,0,0,0,1
"POINT (9.653787861000069 52.408710743000029)",Unfall 82976 (2019) Kat:3, Licht: 0,82976,3,6,2,08,11,1,1,0,0,1,0,0
"POINT (9.761109236000038 52.346260372000074)",Unfall 83012 (2019) Kat:3, Licht: 0,83012,3,6,2,08,14,7,0,0,0,1,0,0
"POINT (9.447326880000048 52.529666757000030)",Unfall 83013 (2019) Kat:3, Licht: 2,83013,3,3,5,08,01,7,0,2,0,0,0,1
"POINT (9.733327353000050 52.472113782000065)",Unfall 83014 (2019) Kat:3, Licht: 0,83014,3,2,5,08,18,7,0,0,0,1,0,0
"POINT (9.648648746000049 52.412656084000048)",Unfall 83056 (2019) Kat:3, Licht: 0,83056,3,6,2,08,14,6,0,0,0,1,0,0
"POINT (9.813337806000050 52.337888888000066)",Unfall 83057 (2019) Kat:3, Licht: 0,83057,3,3,5,08,17,6,0,0,1,1,0,0
"POINT (9.732301239000037 52.383136983000043)",Unfall 83058 (2019) Kat:3, Licht: 0,83058,3,3,5,08,08,6,0,0,1,1,0,0
"POINT (9.454591446000052 52.484688018000043)",Unfall 83059 (2019) Kat:3, Licht: 2,83059,3,7,0,08,21,6,0,2,1,0,0,0
"POINT (9.912917172000050 52.358493847000034)",Unfall 83060 (2019) Kat:3, Licht: 0,83060,3,7,2,08,15,6,0,0,0,1,0,0
"POINT (9.788303577000022 52.463851404000081)",Unfall 83061 (2019) Kat:3, Licht: 0,83061,3,3,5,08,15,6,0,0,1,1,0,0
"POINT (10.055191545000071 52.495103721000078)",Unfall 83062 (2019) Kat:3, Licht: 0,83062,3,6,2,08,18,6,0,0,0,0,0,1
"POINT (9.740592339000045 52.607313797000074)",Unfall 83063 (2019) Kat:3, Licht: 0,83063,3,6,2,08,14,6,0,0,0,1,0,0
"POINT (9.743065767000076 52.368278750000059)",Unfall 83064 (2019) Kat:2, Licht: 0,83064,2,7,0,08,08,6,1,0,1,0,0,0
"POINT (9.724803127000030 52.626459172000068)",Unfall 83125 (2019) Kat:3, Licht: 0,83125,3,1,9,08,11,5,0,0,0,1,0,0
"POINT (9.865267290000077 52.496946401000059)",Unfall 83133 (2019) Kat:3, Licht: 0,83133,3,3,5,08,09,3,0,0,1,1,0,0
"POINT (9.442159662000051 52.504543275000060)",Unfall 83140 (2019) Kat:3, Licht: 0,83140,3,6,2,08,11,5,0,0,0,1,0,0
"POINT (9.761803399000030 52.536600891000035)",Unfall 83141 (2019) Kat:3, Licht: 0,83141,3,1,4,08,17,5,1,0,0,1,0,0
"POINT (9.973770989000059 52.405907044000060)",Unfall 83142 (2019) Kat:3, Licht: 0,83142,3,2,2,08,17,5,1,0,0,1,0,0
"POINT (9.721786519000034 52.428131933000031)",Unfall 83143 (2019) Kat:3, Licht: 0,83143,3,6,2,08,18,5,1,0,0,1,0,1
"POINT (9.746197560000041 52.369076252000070)",Unfall 83144 (2019) Kat:3, Licht: 0,83144,3,3,5,08,15,5,0,0,0,1,0,1
"POINT (9.840120445000025 52.361726020000049)",Unfall 83145 (2019) Kat:3, Licht: 0,83145,3,1,9,08,09,5,1,0,0,1,0,0
"POINT (9.677325153000027 52.441036168000039)",Unfall 83146 (2019) Kat:2, Licht: 0,83146,2,2,2,08,12,5,1,0,0,1,0,0
"POINT (9.697617296000033 52.376426893000030)",Unfall 83190 (2019) Kat:3, Licht: 0,83190,3,6,2,08,16,3,0,0,0,1,0,0
"POINT (9.735232510000060 52.394414411000071)",Unfall 83193 (2019) Kat:3, Licht: 0,83193,3,5,1,08,19,3,0,0,0,1,0,0
"POINT (9.847533641000041 52.438901570000041)",Unfall 83229 (2019) Kat:3, Licht: 0,83229,3,6,4,08,13,7,0,0,0,1,0,0
"POINT (9.740586763000067 52.607320589000039)",Unfall 83230 (2019) Kat:2, Licht: 0,83230,2,6,2,08,14,7,0,0,0,1,0,0
"POINT (9.463257691000024 52.465916276000030)",Unfall 83231 (2019) Kat:2, Licht: 0,83231,2,7,8,08,11,7,0,0,0,1,0,0
"POINT (9.680531550000069 52.347605312000042)",Unfall 83299 (2019) Kat:3, Licht: 0,83299,3,6,2,08,15,6,0,0,0,1,0,0
"POINT (9.746967117000054 52.215388521000079)",Unfall 83300 (2019) Kat:3, Licht: 0,83300,3,6,2,08,15,6,0,0,0,1,0,0
"POINT (9.763557759000037 52.205737633000069)",Unfall 83301 (2019) Kat:3, Licht: 0,83301,3,6,2,08,07,6,0,0,0,1,0,0
"POINT (9.705653493000057 52.412419711000041)",Unfall 83302 (2019) Kat:2, Licht: 2,83302,2,7,0,08,22,6,0,2,0,1,0,0
"POINT (9.440678942000034 52.330548835000059)",Unfall 83303 (2019) Kat:2, Licht: 0,83303,2,3,5,08,18,6,0,0,0,1,0,1
"POINT (9.606106141000055 52.314034547000063)",Unfall 83304 (2019) Kat:2, Licht: 0,83304,2,4,6,08,18,6,0,0,0,1,1,0