WKT,Name,OBJECTID,UKATEGORIE,UTYP1,UART,UMONAT,USTUNDE,UWOCHENTAG,STRZUSTAND,ULICHTVERH,ISTRAD,ISTPKW,ISTFUSS,ISTKRAD
"POINT (9.775667968000050 52.427441126000076)",Unfall 84701 (2019) Kat:3, Licht: 0,84701,3,6,2,09,14,4,0,0,0,1,0,0
"POINT (9.439958726000043 52.417815620000056)",Unfall 84702 (2019) Kat:3, Licht: 0,84702,3,2,4,09,12,4,0,0,1,1,0,0
"POINT (9.656289465000043 52.357418159000076)",Unfall 84707 (2019) Kat:3, Licht: 0,84707,3,4,6,09,17,4,0,0,0,1,1,0
"POINT (9.763349584000025 52.426939594000032)",Unfall 84708 (2019) Kat:3, Licht: 0,84708,3,6,2,09,16,4,0,0,0,1,0,0
"POINT (9.786021615000038 52.319636388000049)",Unfall 84710 (2019) Kat:3, Licht: 0,84710,3,2,0,09,13,4,0,0,0,1,0,0
"POINT (9.775188892000074 52.427537695000069)",Unfall 84714 (2019) Kat:3, Licht: 0,84714,3,6,2,09,13,4,0,0,0,1,0,0
"POINT (9.740403112000024 52.368055830000060)",Unfall 84720 (2019) Kat:3, Licht: 1,84720,3,7,0,09,19,2,0,1,1,1,0,0
"POINT (9.431300800000031 52.435020962000067)",Unfall 84722 (2019) Kat:3, Licht: 0,84722,3,3,5,09,11,2,0,0,0,1,0,0
"POINT (9.467798502000051 52.323716450000063)",Unfall 84725 (2019) Kat:3, Licht: 0,84725,3,7,4,09,18,2,0,0,0,1,0,0
"POINT (9.678044768000063 52.240264215000082)",Unfall 84728 (2019) Kat:2, Licht: 0,84728,2,1,9,09,16,2,0,0,0,1,0,0
"POINT (9.798026097000047 52.540007355000057)",Unfall 84730 (2019) Kat:3, Licht: 0,84730,3,6,2,09,14,2,0,0,0,1,0,0
"POINT (9.431850744000030 52.422466729000064)",Unfall 84731 (2019) Kat:3, Licht: 0,84731,3,3,5,09,11,2,0,0,1,1,0,0
"POINT (9.670855021000023 52.358365835000029)",Unfall 84735 (2019) Kat:3, Licht: 0,84735,3,2,5,09,11,2,1,0,1,1,0,0
"POINT (9.736205015000053 52.397255666000035)",Unfall 84736 (2019) Kat:3, Licht: 0,84736,3,6,2,09,08,2,0,0,0,1,0,1
"POINT (9.857062063000058 52.388303892000067)",Unfall 84737 (2019) Kat:3, Licht: 0,84737,3,4,6,09,07,2,0,0,0,1,1,0
"POINT (9.849603083000034 52.391947733000052)",Unfall 84740 (2019) Kat:3, Licht: 0,84740,3,3,5,09,17,2,0,0,1,1,0,0
"POINT (9.759710503000065 52.335151494000058)",Unfall 84777 (2019) Kat:3, Licht: 0,84777,3,2,4,09,07,4,1,0,0,1,0,0
"POINT (9.575683506000075 52.391891871000041)",Unfall 84806 (2019) Kat:2, Licht: 2,84806,2,1,9,09,22,4,1,2,0,1,0,0
"POINT (9.689148355000043 52.348594655000056)",Unfall 84814 (2019) Kat:3, Licht: 0,84814,3,3,5,09,18,3,0,0,1,1,0,0
"POINT (9.734320735000040 52.387536212000043)",Unfall 84816 (2019) Kat:3, Licht: 0,84816,3,6,3,09,18,3,0,0,0,1,0,0
"POINT (9.720440589000077 52.391494271000056)",Unfall 84819 (2019) Kat:3, Licht: 0,84819,3,6,4,09,13,3,1,0,0,1,0,0
"POINT (9.469530132000045 52.354550403000076)",Unfall 84823 (2019) Kat:3, Licht: 0,84823,3,2,2,09,13,3,1,0,0,1,0,0
"POINT (10.194237306000048 52.447896681000032)",Unfall 84824 (2019) Kat:2, Licht: 0,84824,2,7,0,09,15,3,0,0,0,0,0,1
"POINT (9.522143206000067 52.195624720000069)",Unfall 84829 (2019) Kat:2, Licht: 0,84829,2,2,5,09,15,3,0,0,0,1,0,0
"POINT (9.823664980000046 52.413428904000057)",Unfall 84830 (2019) Kat:3, Licht: 0,84830,3,7,2,09,11,3,0,0,0,1,0,0
"POINT (9.477272776000064 52.387335401000030)",Unfall 84831 (2019) Kat:3, Licht: 0,84831,3,3,5,09,14,1,0,0,0,0,0,1
"POINT (9.720080368000026 52.428193015000033)",Unfall 84832 (2019) Kat:3, Licht: 0,84832,3,6,2,09,08,3,0,0,0,1,0,0
"POINT (9.745641896000052 52.209360184000047)",Unfall 84834 (2019) Kat:3, Licht: 0,84834,3,2,5,09,14,1,0,0,0,1,0,1
"POINT (9.446983034000027 52.467461015000026)",Unfall 84835 (2019) Kat:3, Licht: 0,84835,3,6,2,09,12,1,0,0,1,0,0,0
"POINT (9.521073597000054 52.458014411000079)",Unfall 84836 (2019) Kat:2, Licht: 0,84836,2,1,0,09,15,1,0,0,1,0,0,0
"POINT (9.743315680000023 52.547440423000069)",Unfall 84904 (2019) Kat:3, Licht: 0,84904,3,6,2,09,11,4,1,0,0,1,0,1
"POINT (9.300832025000034 52.499911497000028)",Unfall 84929 (2019) Kat:3, Licht: 0,84929,3,1,8,09,09,2,1,0,0,1,0,0
"POINT (9.846702886000060 52.275257826000029)",Unfall 84933 (2019) Kat:3, Licht: 0,84933,3,6,2,09,16,4,1,0,0,1,0,0
"POINT (9.504474652000056 52.367920269000081)",Unfall 84934 (2019) Kat:3, Licht: 0,84934,3,3,5,09,10,2,1,0,0,0,0,1
"POINT (9.626557634000051 52.448481346000051)",Unfall 84935 (2019) Kat:3, Licht: 2,84935,3,6,2,09,05,2,1,2,0,1,0,0
"POINT (9.924152523000032 52.349755190000053)",Unfall 84937 (2019) Kat:3, Licht: 0,84937,3,6,2,09,07,2,1,0,0,1,0,0
"POINT (9.780618654000023 52.365021618000071)",Unfall 84941 (2019) Kat:2, Licht: 0,84941,2,1,8,09,17,2,0,0,0,1,0,0
"POINT (9.730084007000073 52.382195902000035)",Unfall 84943 (2019) Kat:3, Licht: 0,84943,3,6,2,09,16,2,0,0,0,1,0,0
"POINT (9.425168524000071 52.350929657000052)",Unfall 84946 (2019) Kat:3, Licht: 0,84946,3,6,2,09,15,2,0,0,0,0,0,0
"POINT (9.701269673000070 52.347375534000037)",Unfall 84949 (2019) Kat:3, Licht: 0,84949,3,1,8,09,13,2,1,0,0,1,0,0
"POINT (9.805762806000075 52.336955324000030)",Unfall 84950 (2019) Kat:3, Licht: 0,84950,3,1,0,09,10,2,1,0,0,0,0,1
"POINT (9.774374846000058 52.577386917000069)",Unfall 84952 (2019) Kat:3, Licht: 0,84952,3,6,3,09,10,2,1,0,0,0,0,0
"POINT (9.817294014000026 52.428031638000050)",Unfall 84955 (2019) Kat:3, Licht: 0,84955,3,6,9,09,10,2,1,0,0,1,0,0
"POINT (9.523709326000073 52.468181742000070)",Unfall 84959 (2019) Kat:2, Licht: 1,84959,2,6,2,09,07,2,1,1,0,1,0,1
"POINT (9.786384939000072 52.389168577000078)",Unfall 84960 (2019) Kat:3, Licht: 0,84960,3,3,0,09,06,2,1,0,0,1,0,0
"POINT (9.720475657000065 52.337556353000082)",Unfall 84963 (2019) Kat:3, Licht: 0,84963,3,1,9,09,18,7,0,0,0,0,0,1
"POINT (9.429986461000055 52.426168440000026)",Unfall 84967 (2019) Kat:3, Licht: 0,84967,3,6,2,09,14,7,0,0,0,1,0,0
"POINT (9.472490721000042 52.264379238000060)",Unfall 84969 (2019) Kat:3, Licht: 0,84969,3,2,0,09,16,7,0,0,1,1,0,0
"POINT (9.755413317000034 52.435964963000060)",Unfall 84970 (2019) Kat:3, Licht: 0,84970,3,2,5,09,10,7,0,0,1,1,0,0
"POINT (9.596937856000068 52.388713571000039)",Unfall 84973 (2019) Kat:2, Licht: 0,84973,2,6,3,09,15,7,0,0,0,1,0,1
"POINT (9.794197416000031 52.312967597000068)",Unfall 84976 (2019) Kat:3, Licht: 0,84976,3,3,5,09,11,7,0,0,1,0,0,0
"POINT (9.696431151000070 52.379959374000066)",Unfall 85041 (2019) Kat:3, Licht: 0,85041,3,6,2,09,16,4,0,0,0,1,0,0
"POINT (9.750544006000041 52.360076407000065)",Unfall 85062 (2019) Kat:3, Licht: 0,85062,3,3,5,09,08,4,1,0,0,1,0,1
"POINT (9.823256423000032 52.563198850000049)",Unfall 85070 (2019) Kat:3, Licht: 0,85070,3,2,4,09,15,4,0,0,0,1,0,0
"POINT (9.659641668000063 52.356710982000038)",Unfall 85091 (2019) Kat:3, Licht: 0,85091,3,2,5,09,16,6,0,0,0,1,0,0
"POINT (9.439958726000043 52.417815620000056)",Unfall 85092 (2019) Kat:3, Licht: 0,85092,3,2,4,09,13,6,0,0,1,1,0,0
"POINT (9.445967651000046 52.330284467000070)",Unfall 85093 (2019) Kat:3, Licht: 0,85093,3,7,5,09,15,6,0,0,0,1,0,0
"POINT (10.041399387000070 52.307943983000030)",Unfall 85097 (2019) Kat:3, Licht: 0,85097,3,6,2,09,17,6,0,0,0,1,0,1
"POINT (9.714304501000072 52.362153269000032)",Unfall 85098 (2019) Kat:3, Licht: 0,85098,3,2,5,09,14,1,0,0,0,1,0,0
"POINT (9.872543651000058 52.310680084000069)",Unfall 85099 (2019) Kat:3, Licht: 0,85099,3,2,4,09,09,6,0,0,0,1,0,0
"POINT (9.806880251000052 52.457453272000066)",Unfall 85100 (2019) Kat:3, Licht: 0,85100,3,3,5,09,11,6,0,0,1,1,0,0
"POINT (9.793053100000066 52.371560736000049)",Unfall 85102 (2019) Kat:3, Licht: 0,85102,3,7,0,09,13,1,0,0,0,0,0,0
"POINT (9.635831177000057 52.485623267000051)",Unfall 85103 (2019) Kat:3, Licht: 0,85103,3,1,0,09,11,6,0,0,0,0,0,1
"POINT (9.594139986000073 52.411326802000076)",Unfall 85105 (2019) Kat:3, Licht: 0,85105,3,6,2,09,11,1,0,0,0,1,0,0
"POINT (9.831670791000022 52.455248115000074)",Unfall 85106 (2019) Kat:3, Licht: 0,85106,3,1,8,09,18,1,0,0,1,0,0,0
"POINT (9.785219994000045 52.566379171000051)",Unfall 85107 (2019) Kat:3, Licht: 0,85107,3,6,2,09,09,6,0,0,0,1,0,0
"POINT (9.791137501000037 52.349459476000050)",Unfall 85109 (2019) Kat:3, Licht: 0,85109,3,1,9,09,17,1,0,0,0,0,0,1
"POINT (9.516351199000042 52.340940605000071)",Unfall 85181 (2019) Kat:3, Licht: 0,85181,3,3,5,09,07,4,1,0,0,1,0,0
"POINT (9.821490107000045 52.339192589000049)",Unfall 85205 (2019) Kat:2, Licht: 0,85205,2,3,5,09,14,4,0,0,0,1,0,0
"POINT (9.904288496000049 52.274448670000027)",Unfall 85212 (2019) Kat:3, Licht: 0,85212,3,3,5,09,16,5,0,0,0,1,0,0
"POINT (9.722565930000030 52.378430190000074)",Unfall 85215 (2019) Kat:3, Licht: 0,85215,3,6,2,09,16,5,0,0,0,1,0,0
"POINT (9.860356179000064 52.276133122000033)",Unfall 85217 (2019) Kat:3, Licht: 0,85217,3,7,0,09,13,5,0,0,1,0,0,0
"POINT (9.510115817000042 52.409408414000040)",Unfall 85218 (2019) Kat:3, Licht: 0,85218,3,6,2,09,14,5,0,0,0,1,0,0
"POINT (9.751163361000067 52.359267794000061)",Unfall 85219 (2019) Kat:3, Licht: 2,85219,3,2,4,09,20,7,0,2,0,1,0,1
"POINT (9.627375556000061 52.423051500000042)",Unfall 85222 (2019) Kat:3, Licht: 0,85222,3,6,2,09,09,2,1,0,0,0,0,0
"POINT (9.670452016000070 52.312782158000061)",Unfall 85230 (2019) Kat:3, Licht: 0,85230,3,6,2,10,17,3,0,0,0,1,0,0
"POINT (9.965984779000053 52.315576962000080)",Unfall 85233 (2019) Kat:2, Licht: 1,85233,2,3,5,09,19,7,1,1,0,1,0,0
"POINT (9.609229525000046 52.441139539000062)",Unfall 85247 (2019) Kat:3, Licht: 1,85247,3,3,5,09,18,1,1,1,1,1,0,0
"POINT (9.809822588000031 52.334029727000029)",Unfall 85251 (2019) Kat:3, Licht: 0,85251,3,6,2,10,10,3,1,0,0,1,0,0
"POINT (9.845998225000074 52.426379495000049)",Unfall 85258 (2019) Kat:3, Licht: 0,85258,3,6,3,10,11,3,1,0,0,1,0,0
"POINT (9.827916423000033 52.384725964000040)",Unfall 85305 (2019) Kat:3, Licht: 0,85305,3,3,5,09,07,6,1,0,1,1,0,0
"POINT (9.643549643000029 52.439077631000032)",Unfall 85307 (2019) Kat:3, Licht: 0,85307,3,6,2,10,17,2,0,0,0,1,0,0
"POINT (9.743518266000024 52.368257828000026)",Unfall 85308 (2019) Kat:3, Licht: 0,85308,3,6,2,10,14,2,0,0,0,1,0,0
"POINT (9.611536774000058 52.435729901000059)",Unfall 85309 (2019) Kat:2, Licht: 0,85309,2,7,6,10,12,2,0,0,0,1,1,0
"POINT (9.733872507000058 52.413812519000032)",Unfall 85310 (2019) Kat:3, Licht: 0,85310,3,6,2,10,09,3,1,0,0,1,0,0
"POINT (9.719659183000033 52.445854003000079)",Unfall 85311 (2019) Kat:3, Licht: 2,85311,3,6,3,09,03,6,1,2,0,1,0,0
"POINT (9.862107711000022 52.370799079000051)",Unfall 85312 (2019) Kat:3, Licht: 0,85312,3,3,5,10,07,2,0,0,1,1,0,0
"POINT (9.951040544000023 52.359034416000043)",Unfall 85313 (2019) Kat:3, Licht: 0,85313,3,6,4,09,11,7,1,0,1,0,0,0
"POINT (10.146803630000022 52.462907524000059)",Unfall 85317 (2019) Kat:3, Licht: 0,85317,3,6,4,09,07,6,1,0,0,1,0,0
"POINT (9.768864230000077 52.581153784000037)",Unfall 85319 (2019) Kat:3, Licht: 2,85319,3,6,2,09,21,6,0,2,0,1,0,0
"POINT (9.773970467000027 52.332015924000075)",Unfall 85326 (2019) Kat:3, Licht: 0,85326,3,7,0,09,16,6,0,0,0,1,0,0
"POINT (9.657160917000056 52.311249314000065)",Unfall 85331 (2019) Kat:3, Licht: 1,85331,3,6,2,09,07,2,1,1,0,1,0,0
"POINT (9.724066922000077 52.363740529000040)",Unfall 85335 (2019) Kat:3, Licht: 1,85335,3,3,5,09,19,6,0,1,1,1,0,0
"POINT (9.397694898000054 52.595858208000038)",Unfall 85340 (2019) Kat:3, Licht: 0,85340,3,1,8,10,13,3,0,0,0,1,0,0
"POINT (9.892921246000071 52.366967801000044)",Unfall 85341 (2019) Kat:3, Licht: 0,85341,3,7,2,09,18,6,0,0,0,1,0,0
"POINT (9.757928753000044 52.588943159000053)",Unfall 85343 (2019) Kat:3, Licht: 0,85343,3,6,2,09,13,7,0,0,0,1,0,0
"POINT (9.773978735000071 52.332006660000047)",Unfall 85347 (2019) Kat:3, Licht: 0,85347,3,2,5,09,12,6,0,0,1,1,0,0
"POINT (9.633411570000021 52.421743918000061)",Unfall 85349 (2019) Kat:3, Licht: 0,85349,3,1,9,09,10,6,1,0,0,1,0,0
"POINT (9.732773201000043 52.436274682000032)",Unfall 85359 (2019) Kat:2, Licht: 0,85359,2,2,5,09,14,2,0,0,0,1,0,0
"POINT (9.759550922000074 52.335104385000079)",Unfall 85371 (2019) Kat:3, Licht: 0,85371,3,6,2,10,13,3,1,0,0,1,0,0
"POINT (9.630791445000057 52.420095376000063)",Unfall 85398 (2019) Kat:3, Licht: 2,85398,3,1,0,09,04,1,0,2,0,1,0,0
"POINT (9.820242217000043 52.406592362000026)",Unfall 85403 (2019) Kat:3, Licht: 1,85403,3,3,5,10,06,3,1,1,0,1,0,0
"POINT (9.728076542000054 52.588358563000043)",Unfall 85446 (2019) Kat:3, Licht: 0,85446,3,3,5,10,12,7,0,0,0,1,0,0
"POINT (9.538221707000048 52.461706050000032)",Unfall 85450 (2019) Kat:1, Licht: 0,85450,1,1,8,10,13,7,0,0,0,1,0,0
"POINT (9.795664271000021 52.537843710000061)",Unfall 85453 (2019) Kat:3, Licht: 2,85453,3,5,1,10,04,7,0,2,0,1,0,0
"POINT (9.967906154000048 52.367264073000058)",Unfall 85477 (2019) Kat:3, Licht: 1,85477,3,2,5,09,07,2,1,1,1,1,0,0
"POINT (9.655224051000062 52.407044517000031)",Unfall 85487 (2019) Kat:1, Licht: 2,85487,1,1,9,10,02,7,1,2,0,1,0,0
"POINT (9.725288713000055 52.459828873000049)",Unfall 85489 (2019) Kat:3, Licht: 0,85489,3,2,4,10,13,3,1,0,0,0,0,0
"POINT (9.406400751000035 52.411380261000033)",Unfall 85501 (2019) Kat:3, Licht: 0,85501,3,1,8,10,12,3,1,0,0,1,0,0
"POINT (10.053325258000029 52.535790838000082)",Unfall 85506 (2019) Kat:3, Licht: 0,85506,3,6,3,09,11,7,1,0,0,1,0,0
"POINT (9.730511128000046 52.370772098000032)",Unfall 85517 (2019) Kat:2, Licht: 0,85517,2,3,5,09,08,2,1,0,1,1,0,0
"POINT (9.465980324000043 52.304046113000027)",Unfall 85525 (2019) Kat:3, Licht: 2,85525,3,2,5,09,18,1,1,2,0,1,0,0
"POINT (9.733331981000049 52.420866360000048)",Unfall 85544 (2019) Kat:3, Licht: 0,85544,3,2,2,10,16,6,0,0,0,1,0,0
"POINT (9.719365760000073 52.316309207000074)",Unfall 85546 (2019) Kat:3, Licht: 1,85546,3,7,0,10,19,6,0,1,1,0,0,0
"POINT (9.573680632000048 52.440115692000063)",Unfall 85552 (2019) Kat:3, Licht: 0,85552,3,4,6,10,10,6,1,0,0,1,1,0
"POINT (9.853792087000045 52.390436997000052)",Unfall 85558 (2019) Kat:3, Licht: 0,85558,3,2,2,10,17,6,0,0,0,1,0,0
"POINT (9.801768715000037 52.432033238000031)",Unfall 85560 (2019) Kat:3, Licht: 0,85560,3,2,5,10,16,6,0,0,1,1,0,0
"POINT (9.726403866000055 52.375706400000070)",Unfall 85578 (2019) Kat:3, Licht: 0,85578,3,6,2,10,14,6,1,0,0,1,0,0
"POINT (9.597348128000022 52.287833888000080)",Unfall 85583 (2019) Kat:3, Licht: 0,85583,3,1,8,10,13,6,1,0,0,0,0,0
"POINT (10.261547774000064 52.450917169000036)",Unfall 85584 (2019) Kat:3, Licht: 2,85584,3,2,2,10,20,6,1,2,0,1,0,0
"POINT (9.712173934000077 52.346576448000064)",Unfall 85592 (2019) Kat:3, Licht: 0,85592,3,6,2,10,14,6,1,0,0,1,0,0
"POINT (9.717289970000024 52.421789656000044)",Unfall 85622 (2019) Kat:3, Licht: 2,85622,3,2,5,10,06,3,1,2,1,0,0,0
"POINT (9.745642513000064 52.209353692000036)",Unfall 85628 (2019) Kat:3, Licht: 0,85628,3,2,4,09,11,7,0,0,0,1,0,0
"POINT (9.747746654000025 52.499513312000033)",Unfall 85639 (2019) Kat:3, Licht: 0,85639,3,7,0,09,15,2,0,0,0,0,0,0
"POINT (9.655267462000040 52.406999711000026)",Unfall 85651 (2019) Kat:3, Licht: 0,85651,3,1,3,09,07,2,1,0,0,1,0,0
"POINT (10.145090182000047 52.361822455000038)",Unfall 85654 (2019) Kat:3, Licht: 2,85654,3,7,7,10,02,6,1,2,0,1,0,0
"POINT (9.564596182000059 52.323117747000026)",Unfall 85663 (2019) Kat:3, Licht: 0,85663,3,2,2,10,15,3,1,0,0,1,0,0
"POINT (9.697884941000041 52.377038005000031)",Unfall 85666 (2019) Kat:3, Licht: 0,85666,3,6,2,10,09,5,0,0,0,1,0,0
"POINT (9.744499480000059 52.602202831000056)",Unfall 85668 (2019) Kat:3, Licht: 0,85668,3,6,2,09,17,7,1,0,0,1,0,0
"POINT (9.687628725000025 52.348370232000036)",Unfall 85669 (2019) Kat:3, Licht: 1,85669,3,1,0,10,18,5,1,1,0,1,0,0
"POINT (9.733981188000030 52.384934390000069)",Unfall 85674 (2019) Kat:3, Licht: 0,85674,3,3,5,10,13,5,0,0,1,1,0,0
"POINT (9.733380358000034 52.417811149000045)",Unfall 85693 (2019) Kat:3, Licht: 2,85693,3,2,5,10,06,3,1,2,1,1,0,0
"POINT (9.759841806000054 52.370366073000071)",Unfall 85703 (2019) Kat:3, Licht: 0,85703,3,6,2,10,17,5,1,0,0,1,0,0
"POINT (9.650661340000056 52.391143636000038)",Unfall 85704 (2019) Kat:3, Licht: 0,85704,3,7,0,10,09,5,0,0,1,0,0,0
"POINT (9.643113693000032 52.325303961000031)",Unfall 85705 (2019) Kat:3, Licht: 2,85705,3,1,9,10,20,5,1,2,0,1,0,0
"POINT (9.573537782000074 52.423214903000030)",Unfall 85706 (2019) Kat:2, Licht: 0,85706,2,6,2,10,15,3,0,0,0,1,0,0
"POINT (9.568639498000039 52.303828776000046)",Unfall 85710 (2019) Kat:3, Licht: 0,85710,3,1,9,10,17,5,1,0,0,1,0,0
"POINT (9.724276618000033 52.602844634000064)",Unfall 85713 (2019) Kat:3, Licht: 0,85713,3,3,5,10,19,5,1,0,0,1,0,0
"POINT (9.912028039000063 52.436453372000074)",Unfall 85714 (2019) Kat:3, Licht: 0,85714,3,1,8,10,15,5,1,0,0,1,0,0
"POINT (9.687081095000053 52.392545765000079)",Unfall 85718 (2019) Kat:3, Licht: 2,85718,3,3,5,10,06,5,1,2,1,1,0,0
"POINT (9.725337898000021 52.626161509000042)",Unfall 85754 (2019) Kat:3, Licht: 0,85754,3,6,2,09,11,5,0,0,0,0,0,0
"POINT (9.811682679000057 52.331912129000045)",Unfall 85774 (2019) Kat:3, Licht: 2,85774,3,1,8,10,20,4,1,2,0,1,0,0
"POINT (9.642704084000059 52.414611008000065)",Unfall 85778 (2019) Kat:3, Licht: 2,85778,3,6,2,10,18,4,1,2,0,1,0,0
"POINT (9.792760001000033 52.393638334000059)",Unfall 85781 (2019) Kat:3, Licht: 0,85781,3,7,3,10,14,4,0,0,0,1,0,0
"POINT (9.431725082000071 52.466813640000055)",Unfall 85787 (2019) Kat:3, Licht: 0,85787,3,7,5,10,11,3,1,0,0,1,0,0
"POINT (9.534240344000068 52.469118396000056)",Unfall 85816 (2019) Kat:3, Licht: 0,85816,3,2,2,09,15,2,1,0,0,1,0,0
"POINT (9.653246875000036 52.409115948000078)",Unfall 85821 (2019) Kat:3, Licht: 2,85821,3,6,2,09,05,5,1,2,0,1,0,0
"POINT (9.480406777000042 52.301046664000069)",Unfall 85828 (2019) Kat:3, Licht: 0,85828,3,3,5,10,12,3,1,0,0,1,0,0
"POINT (9.723519057000033 52.377672381000082)",Unfall 85829 (2019) Kat:3, Licht: 2,85829,3,3,5,09,19,5,1,2,1,1,0,0
"POINT (9.734276350000073 52.387166053000044)",Unfall 85838 (2019) Kat:3, Licht: 2,85838,3,3,5,09,20,5,0,2,0,1,0,0
"POINT (9.729856695000024 52.384020112000030)",Unfall 85841 (2019) Kat:3, Licht: 0,85841,3,2,5,09,07,5,1,0,1,0,0,0
"POINT (9.723517533000063 52.440231073000064)",Unfall 85845 (2019) Kat:3, Licht: 0,85845,3,7,0,09,12,7,1,0,1,0,0,0
"POINT (9.600626544000022 52.409430713000063)",Unfall 85850 (2019) Kat:3, Licht: 2,85850,3,2,2,09,18,5,1,2,0,1,0,0
"POINT (9.769771684000034 52.580536824000035)",Unfall 85856 (2019) Kat:3, Licht: 0,85856,3,6,2,09,06,2,0,0,0,1,0,0
"POINT (9.822075366000036 52.309211788000027)",Unfall 85861 (2019) Kat:3, Licht: 2,85861,3,1,9,09,20,5,1,2,0,1,0,0
"POINT (9.611033857000052 52.422107059000041)",Unfall 85869 (2019) Kat:3, Licht: 0,85869,3,6,2,09,18,5,1,0,0,1,0,0
"POINT (9.845467529000075 52.483448591000069)",Unfall 85878 (2019) Kat:3, Licht: 0,85878,3,6,2,09,18,5,1,0,0,1,0,0
"POINT (9.799423691000072 52.335989295000047)",Unfall 85893 (2019) Kat:3, Licht: 0,85893,3,6,2,10,15,4,1,0,0,1,0,0
"POINT (9.735592688000054 52.394663322000042)",Unfall 85896 (2019) Kat:3, Licht: 0,85896,3,2,4,10,06,4,1,0,1,1,0,0
"POINT (9.497447350000073 52.311395710000056)",Unfall 85898 (2019) Kat:3, Licht: 0,85898,3,7,4,10,14,4,1,0,0,1,0,0
"POINT (9.587613786000077 52.415031596000063)",Unfall 85904 (2019) Kat:3, Licht: 0,85904,3,2,5,10,14,4,1,0,1,1,0,0
"POINT (9.746794320000049 52.523538449000057)",Unfall 85905 (2019) Kat:3, Licht: 0,85905,3,6,2,10,11,4,1,0,0,1,0,0
"POINT (9.680316230000074 52.431426475000080)",Unfall 85906 (2019) Kat:3, Licht: 0,85906,3,3,5,10,15,4,1,0,1,1,0,0
"POINT (9.701830132000055 52.347334935000049)",Unfall 85910 (2019) Kat:3, Licht: 0,85910,3,1,8,10,11,3,1,0,0,1,0,0
"POINT (9.859245472000055 52.487361350000072)",Unfall 85911 (2019) Kat:3, Licht: 0,85911,3,7,0,10,11,4,0,0,1,1,0,0
"POINT (9.701327711000033 52.347371512000052)",Unfall 85913 (2019) Kat:3, Licht: 0,85913,3,1,3,10,08,3,1,0,0,1,0,0
"POINT (9.845778453000037 52.413751833000049)",Unfall 85914 (2019) Kat:2, Licht: 0,85914,2,6,2,10,12,4,1,0,0,1,0,0
"POINT (9.766469158000064 52.583076743000049)",Unfall 85915 (2019) Kat:3, Licht: 0,85915,3,6,2,10,12,4,1,0,0,1,0,0
"POINT (9.677819340000042 52.359348718000035)",Unfall 85918 (2019) Kat:3, Licht: 0,85918,3,3,5,10,11,3,1,0,0,1,0,0
"POINT (9.542673252000043 52.590684403000068)",Unfall 85921 (2019) Kat:3, Licht: 0,85921,3,1,8,10,14,3,1,0,0,1,0,0
"POINT (9.679192799000077 52.433595733000061)",Unfall 85943 (2019) Kat:3, Licht: 0,85943,3,2,6,10,08,3,1,0,0,1,1,0
"POINT (9.813573389000055 52.318446514000073)",Unfall 85946 (2019) Kat:3, Licht: 2,85946,3,6,3,10,19,3,0,2,0,1,0,0
"POINT (9.730425341000057 52.491408403000037)",Unfall 85950 (2019) Kat:3, Licht: 0,85950,3,6,2,10,14,3,0,0,0,1,0,0
"POINT (9.891333484000029 52.312787611000033)",Unfall 85955 (2019) Kat:1, Licht: 0,85955,1,6,4,10,09,3,1,0,0,1,0,0
"POINT (9.831948583000042 52.300026503000026)",Unfall 85965 (2019) Kat:3, Licht: 0,85965,3,1,9,09,12,7,1,0,0,0,0,1
"POINT (9.991493909000042 52.371254379000050)",Unfall 85976 (2019) Kat:3, Licht: 2,85976,3,7,0,09,06,2,1,2,0,0,0,0
"POINT (9.472434608000071 52.501686996000046)",Unfall 86057 (2019) Kat:3, Licht: 0,86057,3,5,1,10,09,4,0,0,0,1,0,0
"POINT (9.721134294000024 52.361162479000029)",Unfall 86064 (2019) Kat:3, Licht: 0,86064,3,6,2,10,14,4,0,0,0,1,0,0
"POINT (9.694013693000045 52.361178068000072)",Unfall 86068 (2019) Kat:3, Licht: 0,86068,3,2,5,10,13,4,0,0,1,1,0,0
"POINT (9.759473810000031 52.335081769000055)",Unfall 86071 (2019) Kat:3, Licht: 1,86071,3,2,5,10,07,4,0,1,1,1,0,0
"POINT (9.872639836000076 52.310694837000028)",Unfall 86073 (2019) Kat:3, Licht: 2,86073,3,2,4,10,06,4,1,2,0,1,0,0
"POINT (9.722885900000051 52.442045844000063)",Unfall 86079 (2019) Kat:3, Licht: 0,86079,3,7,0,10,10,4,1,0,0,1,0,1
"POINT (9.871931551000046 52.512354549000065)",Unfall 86081 (2019) Kat:3, Licht: 2,86081,3,5,1,10,00,4,0,2,0,1,0,0
"POINT (9.631722072000059 52.420157324000058)",Unfall 86086 (2019) Kat:3, Licht: 0,86086,3,6,2,10,16,6,0,0,0,1,0,0
"POINT (9.516601480000077 52.341002244000038)",Unfall 86088 (2019) Kat:2, Licht: 0,86088,2,2,5,10,13,6,0,0,0,1,0,0
"POINT (9.734040879000077 52.412544843000035)",Unfall 86089 (2019) Kat:3, Licht: 0,86089,3,6,2,10,16,4,0,0,0,1,0,0
"POINT (9.405124938000029 52.334030279000046)",Unfall 86091 (2019) Kat:3, Licht: 0,86091,3,6,3,10,13,6,0,0,0,1,0,0