WKT,Name,OBJECTID,UKATEGORIE,UTYP1,UART,UMONAT,USTUNDE,UWOCHENTAG,STRZUSTAND,ULICHTVERH,ISTRAD,ISTPKW,ISTFUSS,ISTKRAD
"POINT (9.607584300000042 52.446943600000054)",Unfall 88720 (2019) Kat:3, Licht: 0,88720,3,6,2,12,08,3,1,0,0,1,0,1
"POINT (9.765256719000035 52.342896603000042)",Unfall 88723 (2019) Kat:3, Licht: 2,88723,3,6,2,12,19,3,0,2,0,1,0,0
"POINT (9.733958507000068 52.368895890000033)",Unfall 88725 (2019) Kat:3, Licht: 2,88725,3,2,0,12,17,3,0,2,0,1,0,0
"POINT (9.605987944000049 52.314444658000070)",Unfall 88727 (2019) Kat:2, Licht: 0,88727,2,3,5,12,13,3,0,0,1,1,0,0
"POINT (9.655036218000021 52.407263176000072)",Unfall 88728 (2019) Kat:3, Licht: 1,88728,3,6,3,12,15,5,0,1,0,1,0,0
"POINT (9.958714865000047 52.390508969000052)",Unfall 88729 (2019) Kat:3, Licht: 0,88729,3,6,3,12,07,3,0,0,0,1,0,0
"POINT (9.642676073000075 52.414618254000061)",Unfall 88730 (2019) Kat:3, Licht: 0,88730,3,5,1,12,10,5,2,0,0,1,0,0
"POINT (9.702242997000042 52.414784375000067)",Unfall 88733 (2019) Kat:3, Licht: 2,88733,3,2,6,12,19,5,0,2,0,1,1,0
"POINT (9.662684813000055 52.300443446000031)",Unfall 88735 (2019) Kat:3, Licht: 0,88735,3,7,0,12,11,5,0,0,0,0,0,0
"POINT (9.545978510000055 52.340327724000076)",Unfall 88737 (2019) Kat:3, Licht: 0,88737,3,3,5,12,08,5,1,0,0,1,0,0
"POINT (9.609374040000034 52.437959729000056)",Unfall 88739 (2019) Kat:3, Licht: 2,88739,3,2,6,12,17,5,1,2,0,1,1,0
"POINT (9.823918928000069 52.413813773000072)",Unfall 88741 (2019) Kat:3, Licht: 2,88741,3,2,5,12,16,5,0,2,1,0,0,0
"POINT (9.736169746000030 52.399443474000066)",Unfall 88743 (2019) Kat:3, Licht: 0,88743,3,3,5,12,11,5,0,0,1,1,0,0
"POINT (9.723688764000031 52.440196893000063)",Unfall 88799 (2019) Kat:3, Licht: 0,88799,3,6,2,12,11,4,0,0,0,1,0,0
"POINT (9.854681666000033 52.359018264000042)",Unfall 88802 (2019) Kat:2, Licht: 2,88802,2,2,5,12,19,4,0,2,0,1,0,1
"POINT (9.560998775000030 52.421863287000065)",Unfall 88804 (2019) Kat:3, Licht: 0,88804,3,6,2,12,15,4,0,0,0,1,0,0
"POINT (9.821307234000074 52.510782365000068)",Unfall 88806 (2019) Kat:3, Licht: 0,88806,3,6,2,12,12,4,0,0,0,1,0,0
"POINT (9.842993315000058 52.267503628000043)",Unfall 88823 (2019) Kat:3, Licht: 2,88823,3,2,2,12,19,2,1,2,0,1,0,0
"POINT (9.487908759000050 52.620032134000041)",Unfall 88825 (2019) Kat:3, Licht: 0,88825,3,1,4,12,13,2,1,0,0,1,0,0
"POINT (9.742173350000030 52.437536342000044)",Unfall 88828 (2019) Kat:3, Licht: 0,88828,3,3,5,12,11,2,1,0,0,1,0,0
"POINT (9.846585504000075 52.430758542000035)",Unfall 88830 (2019) Kat:3, Licht: 2,88830,3,4,6,12,19,2,1,2,0,0,1,0
"POINT (9.860804641000073 52.493839858000058)",Unfall 88831 (2019) Kat:3, Licht: 2,88831,3,2,5,12,18,2,1,2,0,1,0,0
"POINT (9.735273364000022 52.394611365000060)",Unfall 88833 (2019) Kat:3, Licht: 2,88833,3,6,2,12,16,2,1,2,0,1,0,0
"POINT (9.785364015000027 52.357425081000031)",Unfall 88835 (2019) Kat:3, Licht: 0,88835,3,6,2,12,11,2,1,0,0,1,0,0
"POINT (10.052839455000026 52.448618167000063)",Unfall 88837 (2019) Kat:2, Licht: 2,88837,2,7,5,12,20,3,0,2,0,1,0,0
"POINT (9.735267410000063 52.393341633000034)",Unfall 88838 (2019) Kat:3, Licht: 2,88838,3,6,2,12,19,3,0,2,0,1,0,0
"POINT (9.630313895000029 52.263278844000070)",Unfall 88839 (2019) Kat:3, Licht: 0,88839,3,3,5,12,10,3,0,0,0,1,0,0
"POINT (9.864873119000038 52.308157248000043)",Unfall 88875 (2019) Kat:3, Licht: 2,88875,3,3,5,12,17,2,0,2,0,1,0,0
"POINT (9.791410669000072 52.315345720000039)",Unfall 88876 (2019) Kat:3, Licht: 0,88876,3,6,2,12,09,2,0,0,0,1,0,0
"POINT (9.573500305000039 52.641493061000062)",Unfall 88877 (2019) Kat:3, Licht: 0,88877,3,2,2,12,08,2,0,0,0,1,0,0
"POINT (9.514611629000058 52.281833243000051)",Unfall 88878 (2019) Kat:3, Licht: 2,88878,3,3,5,12,17,2,0,2,0,1,0,0
"POINT (9.459933891000048 52.306996778000041)",Unfall 88879 (2019) Kat:3, Licht: 0,88879,3,6,2,12,13,2,0,0,0,1,0,0
"POINT (9.733927388000041 52.561068726000030)",Unfall 88880 (2019) Kat:3, Licht: 2,88880,3,1,0,12,20,2,0,2,1,0,0,0
"POINT (9.734783706000030 52.407284123000068)",Unfall 88882 (2019) Kat:3, Licht: 1,88882,3,2,5,12,16,2,0,1,1,1,0,0
"POINT (9.671611181000060 52.428557335000050)",Unfall 88883 (2019) Kat:3, Licht: 0,88883,3,6,2,12,13,2,0,0,0,0,0,0
"POINT (9.827006334000032 52.354060201000038)",Unfall 88884 (2019) Kat:3, Licht: 2,88884,3,4,6,12,07,2,0,2,0,1,1,0
"POINT (9.978346740000063 52.474174417000029)",Unfall 88912 (2019) Kat:3, Licht: 2,88912,3,1,8,12,02,1,1,2,0,1,0,0
"POINT (9.728218331000051 52.373921965000079)",Unfall 88913 (2019) Kat:2, Licht: 2,88913,2,6,2,12,17,1,0,2,0,1,0,0
"POINT (9.783394936000036 52.323307915000044)",Unfall 88914 (2019) Kat:3, Licht: 1,88914,3,7,5,12,15,1,0,1,0,1,0,0
"POINT (9.736283465000042 52.398351248000040)",Unfall 88951 (2019) Kat:3, Licht: 0,88951,3,6,2,12,12,7,1,0,0,1,0,0
"POINT (9.842589173000022 52.415755416000081)",Unfall 88952 (2019) Kat:3, Licht: 2,88952,3,6,2,12,22,7,1,2,0,1,0,0
"POINT (9.836728671000060 52.419444272000078)",Unfall 88953 (2019) Kat:3, Licht: 1,88953,3,6,8,12,16,7,1,1,0,1,0,0
"POINT (9.763599305000071 52.343687099000078)",Unfall 88954 (2019) Kat:3, Licht: 2,88954,3,1,0,12,01,7,1,2,0,0,0,0
"POINT (9.669535289000066 52.347708875000080)",Unfall 88995 (2019) Kat:3, Licht: 2,88995,3,5,1,12,01,5,0,2,0,0,0,0
"POINT (9.766078380000067 52.279435864000050)",Unfall 88997 (2019) Kat:3, Licht: 2,88997,3,6,2,12,17,5,0,2,0,1,0,0
"POINT (9.698631999000043 52.379962254000077)",Unfall 88999 (2019) Kat:3, Licht: 0,88999,3,6,2,12,14,5,0,0,0,1,0,0
"POINT (9.431766350000032 52.330973665000045)",Unfall 89001 (2019) Kat:2, Licht: 0,89001,2,4,6,12,10,5,0,0,0,1,1,0
"POINT (9.906221189000064 52.396620636000080)",Unfall 89003 (2019) Kat:3, Licht: 0,89003,3,6,3,12,10,5,0,0,0,0,0,0
"POINT (9.738841696000065 52.368033158000060)",Unfall 89005 (2019) Kat:3, Licht: 0,89005,3,3,5,12,09,5,0,0,1,1,0,0
"POINT (9.733597102000033 52.416098436000027)",Unfall 89007 (2019) Kat:3, Licht: 2,89007,3,3,5,12,06,5,0,2,1,1,0,0
"POINT (9.640884336000056 52.396894436000082)",Unfall 89026 (2019) Kat:3, Licht: 2,89026,3,6,2,12,17,6,1,2,0,1,0,0
"POINT (9.721341032000055 52.327862810000056)",Unfall 89027 (2019) Kat:3, Licht: 2,89027,3,6,2,12,18,6,1,2,0,1,0,0
"POINT (9.720812842000044 52.316970523000066)",Unfall 89029 (2019) Kat:3, Licht: 0,89029,3,2,5,12,09,6,1,0,1,1,0,0
"POINT (9.395266542000059 52.537450744000068)",Unfall 89031 (2019) Kat:3, Licht: 0,89031,3,6,2,12,09,6,1,0,0,1,0,0
"POINT (9.572465159000046 52.426237820000040)",Unfall 89032 (2019) Kat:3, Licht: 2,89032,3,1,8,12,04,6,0,2,0,1,0,0
"POINT (9.613415255000064 52.568432614000073)",Unfall 89034 (2019) Kat:3, Licht: 0,89034,3,2,2,12,13,6,1,0,0,1,0,0
"POINT (9.729178307000041 52.491654252000046)",Unfall 89036 (2019) Kat:3, Licht: 2,89036,3,2,5,12,07,6,0,2,0,1,0,0
"POINT (10.129353175000062 52.394810874000029)",Unfall 89037 (2019) Kat:3, Licht: 2,89037,3,1,9,12,07,6,2,2,0,1,0,0
"POINT (9.732205924000027 52.383253121000052)",Unfall 89042 (2019) Kat:3, Licht: 2,89042,3,3,5,12,05,6,0,2,0,1,0,0
"POINT (9.714646905000052 52.361081607000074)",Unfall 89096 (2019) Kat:3, Licht: 0,89096,3,6,2,12,13,4,0,0,0,1,0,0
"POINT (9.726793657000030 52.375710987000048)",Unfall 89098 (2019) Kat:3, Licht: 2,89098,3,2,5,12,17,4,0,2,1,1,0,0
"POINT (9.697715170000038 52.376369219000026)",Unfall 89101 (2019) Kat:3, Licht: 2,89101,3,6,2,12,17,4,0,2,0,1,0,0
"POINT (9.729317502000072 52.385514362000038)",Unfall 89103 (2019) Kat:3, Licht: 2,89103,3,2,2,12,19,4,0,2,0,1,0,0
"POINT (9.721436555000025 52.421527367000067)",Unfall 89105 (2019) Kat:3, Licht: 0,89105,3,3,5,12,12,4,0,0,0,1,0,0
"POINT (9.793862227000034 52.394736318000071)",Unfall 89108 (2019) Kat:3, Licht: 0,89108,3,2,3,12,11,4,0,0,0,1,0,0
"POINT (9.551848123000070 52.402037538000059)",Unfall 89110 (2019) Kat:3, Licht: 0,89110,3,2,2,12,13,4,0,0,0,1,0,0
"POINT (9.659442828000067 52.276730354000051)",Unfall 89114 (2019) Kat:3, Licht: 2,89114,3,3,5,12,17,4,0,2,0,1,0,0
"POINT (9.881381379000061 52.435628898000061)",Unfall 89118 (2019) Kat:3, Licht: 0,89118,3,6,2,12,12,4,0,0,0,1,0,0
"POINT (10.031448490000059 52.379284223000070)",Unfall 89121 (2019) Kat:3, Licht: 2,89121,3,7,8,12,01,4,1,2,0,1,0,0
"POINT (9.720515587000023 52.343030088000035)",Unfall 89139 (2019) Kat:3, Licht: 2,89139,3,6,2,12,17,5,0,2,0,1,0,0
"POINT (9.623362037000049 52.274359598000046)",Unfall 89141 (2019) Kat:3, Licht: 0,89141,3,5,1,12,13,5,0,0,1,1,0,0
"POINT (9.975193044000037 52.376516277000064)",Unfall 89142 (2019) Kat:3, Licht: 0,89142,3,6,2,12,09,5,1,0,0,1,0,0
"POINT (9.715956831000028 52.346318589000077)",Unfall 89144 (2019) Kat:3, Licht: 2,89144,3,6,2,12,19,5,1,2,0,1,0,0
"POINT (9.732413579000024 52.383258857000044)",Unfall 89146 (2019) Kat:3, Licht: 0,89146,3,2,5,12,09,5,0,0,0,1,0,0
"POINT (10.177286472000048 52.358331961000033)",Unfall 89176 (2019) Kat:3, Licht: 2,89176,3,6,2,12,06,5,0,2,0,1,0,0
"POINT (9.733451775000049 52.417247619000079)",Unfall 89245 (2019) Kat:3, Licht: 2,89245,3,3,5,12,18,4,1,2,1,1,0,0
"POINT (9.800450258000069 52.427631945000030)",Unfall 89246 (2019) Kat:3, Licht: 0,89246,3,2,3,12,13,4,1,0,0,1,0,0
"POINT (9.475755354000057 52.511641043000054)",Unfall 89248 (2019) Kat:3, Licht: 2,89248,3,3,5,12,16,4,1,2,0,1,0,0
"POINT (9.587799471000039 52.414750025000046)",Unfall 89249 (2019) Kat:3, Licht: 2,89249,3,2,4,12,18,4,0,2,1,1,0,0
"POINT (9.611752516000024 52.436999323000066)",Unfall 89251 (2019) Kat:3, Licht: 0,89251,3,3,5,12,12,4,1,0,1,1,0,0
"POINT (10.116891073000033 52.357606691000058)",Unfall 89253 (2019) Kat:3, Licht: 2,89253,3,3,5,12,06,4,1,2,1,1,0,0
"POINT (9.741896014000076 52.459940961000029)",Unfall 89254 (2019) Kat:3, Licht: 2,89254,3,2,6,12,17,4,1,2,0,1,1,0
"POINT (9.857445561000077 52.497893675000057)",Unfall 89256 (2019) Kat:3, Licht: 2,89256,3,3,5,12,17,4,1,2,0,1,0,0
"POINT (10.067018145000077 52.473486988000047)",Unfall 89259 (2019) Kat:3, Licht: 2,89259,3,1,8,12,16,4,1,2,0,1,0,0
"POINT (9.673741928000027 52.358736011000076)",Unfall 89260 (2019) Kat:3, Licht: 0,89260,3,3,0,12,12,3,0,0,1,1,0,0
"POINT (9.720567061000054 52.338312688000030)",Unfall 89261 (2019) Kat:2, Licht: 0,89261,2,1,8,12,13,4,1,0,0,1,0,0
"POINT (9.728012251000052 52.374199651000026)",Unfall 89262 (2019) Kat:2, Licht: 0,89262,2,2,5,12,12,4,1,0,1,1,0,0
"POINT (9.757135257000073 52.319656328000065)",Unfall 89263 (2019) Kat:3, Licht: 0,89263,3,3,5,12,08,3,0,0,1,1,0,0
"POINT (9.974930401000052 52.401690564000035)",Unfall 89265 (2019) Kat:3, Licht: 0,89265,3,3,5,12,08,3,0,0,0,1,0,0
"POINT (9.797437799000022 52.346827978000078)",Unfall 89266 (2019) Kat:2, Licht: 0,89266,2,3,2,12,08,4,1,0,0,1,0,0
"POINT (9.867298035000033 52.309336733000066)",Unfall 89273 (2019) Kat:3, Licht: 0,89273,3,1,8,01,14,7,1,0,0,1,0,0
"POINT (9.730632968000066 52.468486072000076)",Unfall 89274 (2019) Kat:3, Licht: 2,89274,3,3,5,01,20,7,1,2,0,1,0,0
"POINT (9.853693498000041 52.559041874000059)",Unfall 89276 (2019) Kat:3, Licht: 0,89276,3,2,5,01,11,7,1,0,1,1,0,0
"POINT (9.490932765000025 52.290930022000055)",Unfall 89278 (2019) Kat:1, Licht: 2,89278,1,7,6,01,17,7,1,2,0,0,1,0
"POINT (9.462715040000035 52.345841131000043)",Unfall 89280 (2019) Kat:2, Licht: 0,89280,2,1,8,01,12,7,1,0,0,1,0,0
"POINT (9.734276038000076 52.369043779000037)",Unfall 89299 (2019) Kat:3, Licht: 2,89299,3,6,2,12,16,3,1,2,0,1,0,0
"POINT (9.914416776000053 52.269563776000041)",Unfall 89307 (2019) Kat:2, Licht: 2,89307,2,6,2,12,20,3,1,2,0,1,0,0
"POINT (9.665638069000067 52.298742876000063)",Unfall 89334 (2019) Kat:3, Licht: 2,89334,3,7,9,01,18,6,1,2,0,1,0,0
"POINT (9.464715292000051 52.514216664000060)",Unfall 89335 (2019) Kat:3, Licht: 0,89335,3,3,5,01,13,6,1,0,0,1,0,1
"POINT (9.589501500000040 52.439104996000026)",Unfall 89337 (2019) Kat:3, Licht: 2,89337,3,6,2,01,16,6,1,2,0,1,0,0
"POINT (10.022857377000037 52.455935527000065)",Unfall 89339 (2019) Kat:3, Licht: 2,89339,3,2,2,01,16,6,1,2,0,1,0,0
"POINT (9.751991917000055 52.339999373000069)",Unfall 89385 (2019) Kat:3, Licht: 2,89385,3,6,2,01,17,5,0,2,0,1,0,0
"POINT (9.468860959000040 52.426559068000074)",Unfall 89387 (2019) Kat:3, Licht: 2,89387,3,2,6,01,17,5,0,2,0,1,1,0
"POINT (9.753299346000063 52.288895129000082)",Unfall 89389 (2019) Kat:3, Licht: 0,89389,3,6,4,01,09,5,0,0,0,1,0,0
"POINT (9.835802234000028 52.489851591000047)",Unfall 89391 (2019) Kat:3, Licht: 0,89391,3,6,2,01,14,5,0,0,0,1,0,0
"POINT (9.638754081000059 52.415852861000076)",Unfall 89393 (2019) Kat:3, Licht: 2,89393,3,6,2,01,18,5,0,2,0,1,0,0
"POINT (9.956501551000031 52.390687211000056)",Unfall 89395 (2019) Kat:3, Licht: 2,89395,3,6,2,01,17,5,0,2,0,1,0,0
"POINT (9.652464604000045 52.358507596000038)",Unfall 89396 (2019) Kat:3, Licht: 0,89396,3,1,8,12,09,2,1,0,0,1,0,0
"POINT (9.611587196000073 52.302007539000044)",Unfall 89399 (2019) Kat:3, Licht: 2,89399,3,1,9,12,05,2,1,2,0,0,0,0
"POINT (9.479643758000066 52.295331544000078)",Unfall 89401 (2019) Kat:3, Licht: 0,89401,3,7,6,12,11,2,0,0,0,1,1,0
"POINT (9.965222777000065 52.315725711000027)",Unfall 89403 (2019) Kat:3, Licht: 2,89403,3,2,5,12,18,2,0,2,0,1,1,0
"POINT (9.961354703000040 52.440825421000056)",Unfall 89405 (2019) Kat:3, Licht: 0,89405,3,7,8,12,09,2,0,0,0,1,0,0
"POINT (9.772697913000059 52.342906120000066)",Unfall 89407 (2019) Kat:3, Licht: 2,89407,3,6,3,12,07,2,1,2,0,1,0,0
"POINT (9.778231112000071 52.327876536000076)",Unfall 89465 (2019) Kat:3, Licht: 0,89465,3,6,2,01,14,4,0,0,0,1,0,0
"POINT (9.733364504000065 52.417927704000078)",Unfall 89467 (2019) Kat:3, Licht: 2,89467,3,6,3,01,22,4,0,2,0,1,0,0
"POINT (9.636586596000029 52.577596863000053)",Unfall 89470 (2019) Kat:3, Licht: 2,89470,3,1,8,01,07,4,2,2,0,1,0,0
"POINT (9.966907098000036 52.373405492000074)",Unfall 89472 (2019) Kat:3, Licht: 0,89472,3,1,8,01,13,4,1,0,0,1,0,1
"POINT (9.956527821000066 52.390550869000037)",Unfall 89473 (2019) Kat:3, Licht: 2,89473,3,6,3,01,18,4,0,2,0,1,0,0
"POINT (9.827225777000024 52.346962640000072)",Unfall 89474 (2019) Kat:3, Licht: 0,89474,3,3,5,01,12,4,0,0,1,1,0,0
"POINT (9.697301239000069 52.375324737000028)",Unfall 89475 (2019) Kat:2, Licht: 0,89475,2,6,2,01,13,4,0,0,0,1,0,0
"POINT (9.690572975000066 52.374732734000077)",Unfall 89476 (2019) Kat:3, Licht: 0,89476,3,2,5,01,12,4,0,0,1,1,0,0
"POINT (10.142464900000050 52.379011757000058)",Unfall 89477 (2019) Kat:2, Licht: 0,89477,2,1,9,01,08,4,2,0,0,1,0,0
"POINT (9.441019722000021 52.330586379000067)",Unfall 89485 (2019) Kat:3, Licht: 2,89485,3,2,5,12,17,1,1,2,1,1,0,0
"POINT (9.963430886000026 52.365426055000057)",Unfall 89487 (2019) Kat:3, Licht: 2,89487,3,2,4,12,21,1,1,2,0,1,0,0
"POINT (9.749797387000058 52.427259175000074)",Unfall 89490 (2019) Kat:3, Licht: 0,89490,3,7,2,12,09,1,0,0,0,1,0,0
"POINT (9.725477066000053 52.322513265000055)",Unfall 89534 (2019) Kat:3, Licht: 2,89534,3,2,6,01,20,3,1,2,0,1,1,0
"POINT (9.872086345000071 52.502459174000080)",Unfall 89536 (2019) Kat:3, Licht: 2,89536,3,1,9,01,22,3,2,2,0,1,0,0
"POINT (9.792298306000021 52.276940594000052)",Unfall 89537 (2019) Kat:3, Licht: 0,89537,3,7,8,12,13,7,0,0,0,1,0,0
"POINT (9.754180353000038 52.288078624000036)",Unfall 89540 (2019) Kat:3, Licht: 2,89540,3,7,9,12,05,7,0,2,0,1,0,0
"POINT (9.621043259000032 52.315900338000063)",Unfall 89542 (2019) Kat:3, Licht: 0,89542,3,2,5,12,09,7,0,0,0,1,0,0
"POINT (9.741560918000062 52.427361221000069)",Unfall 89546 (2019) Kat:3, Licht: 2,89546,3,6,3,12,18,7,0,2,0,1,0,0
"POINT (9.851688695000064 52.321487882000042)",Unfall 89548 (2019) Kat:2, Licht: 2,89548,2,1,8,12,08,7,1,2,0,1,0,0
"POINT (9.650134743000024 52.393559929000048)",Unfall 89619 (2019) Kat:3, Licht: 2,89619,3,6,3,12,21,2,0,2,0,1,0,0
"POINT (9.611362281000027 52.392048909000039)",Unfall 89620 (2019) Kat:3, Licht: 0,89620,3,2,5,12,15,2,0,0,1,1,0,0
"POINT (9.663259145000041 52.323239730000068)",Unfall 89622 (2019) Kat:3, Licht: 0,89622,3,6,2,12,09,2,0,0,0,1,0,0
"POINT (9.605469320000054 52.407322364000038)",Unfall 89624 (2019) Kat:3, Licht: 2,89624,3,6,4,12,17,2,0,2,0,1,0,0
"POINT (9.648391906000029 52.412684146000061)",Unfall 89646 (2019) Kat:3, Licht: 0,89646,3,6,2,12,14,6,0,0,0,1,0,0
"POINT (9.765664431000062 52.341725967000059)",Unfall 89648 (2019) Kat:3, Licht: 2,89648,3,4,6,12,18,6,0,2,0,1,1,0
"POINT (9.714550009000050 52.361080578000042)",Unfall 89649 (2019) Kat:3, Licht: 2,89649,3,2,3,12,17,1,0,2,0,1,0,0
"POINT (9.698955515000023 52.347772091000081)",Unfall 89650 (2019) Kat:2, Licht: 0,89650,2,3,5,12,12,1,0,0,0,1,0,0
"POINT (9.971665325000060 52.369338029000062)",Unfall 89651 (2019) Kat:3, Licht: 0,89651,3,2,5,12,14,6,0,0,1,1,0,0
"POINT (9.600571371000058 52.422936623000055)",Unfall 89653 (2019) Kat:3, Licht: 2,89653,3,6,2,12,22,6,0,2,0,1,0,0
"POINT (9.720171954000023 52.367899464000061)",Unfall 89655 (2019) Kat:3, Licht: 2,89655,3,6,4,12,20,6,1,2,1,0,1,0
"POINT (9.950415581000073 52.391134592000071)",Unfall 89658 (2019) Kat:3, Licht: 1,89658,3,6,2,12,15,6,0,1,0,1,0,0
"POINT (10.019399589000045 52.382604619000062)",Unfall 89660 (2019) Kat:3, Licht: 0,89660,3,6,2,12,14,6,0,0,0,1,0,0
"POINT (9.958122601000071 52.440462415000070)",Unfall 89663 (2019) Kat:2, Licht: 2,89663,2,7,8,12,05,6,0,2,0,1,0,0
"POINT (9.759222036000040 52.278022606000036)",Unfall 89666 (2019) Kat:3, Licht: 1,89666,3,1,9,12,16,7,1,1,0,1,0,0
"POINT (9.410027482000032 52.333965873000068)",Unfall 89667 (2019) Kat:3, Licht: 0,89667,3,2,5,12,11,7,1,0,0,1,0,0
"POINT (10.096031147000076 52.364872906000073)",Unfall 89669 (2019) Kat:3, Licht: 0,89669,3,6,2,12,11,7,0,0,0,1,0,0
"POINT (9.726763005000066 52.375737935000075)",Unfall 89708 (2019) Kat:3, Licht: 2,89708,3,3,5,12,22,6,0,2,1,0,0,0
"POINT (9.451975064000067 52.504885039000044)",Unfall 89709 (2019) Kat:3, Licht: 1,89709,3,2,6,12,16,6,0,1,0,1,1,0
"POINT (9.723610015000077 52.440113470000028)",Unfall 89711 (2019) Kat:3, Licht: 2,89711,3,6,2,12,18,6,1,2,0,1,0,0
"POINT (9.754059152000025 52.427164408000067)",Unfall 89713 (2019) Kat:3, Licht: 2,89713,3,6,3,12,21,6,0,2,0,1,0,0
"POINT (9.675950692000072 52.394034940000040)",Unfall 89774 (2019) Kat:3, Licht: 2,89774,3,6,2,12,20,4,1,2,0,1,0,0
"POINT (9.627231607000056 52.423285174000057)",Unfall 89776 (2019) Kat:3, Licht: 0,89776,3,6,2,12,15,4,1,0,0,1,0,0
"POINT (9.577992070000050 52.188911177000080)",Unfall 89778 (2019) Kat:3, Licht: 0,89778,3,1,8,12,14,4,1,0,0,0,0,0
"POINT (9.677988607000032 52.392597310000042)",Unfall 89779 (2019) Kat:3, Licht: 2,89779,3,1,9,12,18,4,1,2,0,1,0,0
"POINT (9.677273924000076 52.347760110000081)",Unfall 89831 (2019) Kat:3, Licht: 2,89831,3,6,3,01,17,5,1,2,0,1,0,0
"POINT (9.885996051000063 52.428404701000034)",Unfall 89832 (2019) Kat:3, Licht: 0,89832,3,1,8,01,11,7,1,0,0,1,0,0
"POINT (9.719028587000025 52.378454477000048)",Unfall 89834 (2019) Kat:3, Licht: 0,89834,3,6,2,01,15,5,1,0,0,1,0,0
"POINT (9.740415972000051 52.368056645000081)",Unfall 89836 (2019) Kat:3, Licht: 0,89836,3,2,2,01,11,5,0,0,0,1,0,0
"POINT (9.434104813000033 52.421970081000040)",Unfall 89839 (2019) Kat:3, Licht: 2,89839,3,1,1,01,20,5,1,2,0,1,0,0
"POINT (9.514237585000046 52.288670857000056)",Unfall 89841 (2019) Kat:3, Licht: 0,89841,3,5,6,01,15,6,1,0,0,1,1,0
"POINT (9.637052713000060 52.331924533000063)",Unfall 89842 (2019) Kat:3, Licht: 0,89842,3,6,2,01,10,5,0,0,0,1,0,0
"POINT (9.573141227000065 52.430856926000047)",Unfall 89845 (2019) Kat:3, Licht: 1,89845,3,7,9,01,15,5,1,1,0,1,0,0
"POINT (10.032027159000052 52.523336909000079)",Unfall 89848 (2019) Kat:3, Licht: 2,89848,3,6,2,01,06,5,1,2,0,1,0,0
"POINT (9.896818577000033 52.410009719000072)",Unfall 89853 (2019) Kat:1, Licht: 2,89853,1,4,6,01,21,5,1,2,0,1,1,0
"POINT (9.754305444000067 52.355369354000061)",Unfall 89856 (2019) Kat:3, Licht: 2,89856,3,2,5,01,16,5,1,2,1,1,0,0
"POINT (9.694010717000026 52.361177720000057)",Unfall 89858 (2019) Kat:3, Licht: 0,89858,3,1,0,01,15,5,1,0,1,0,0,0
"POINT (9.971110389000046 52.389634403000059)",Unfall 89863 (2019) Kat:3, Licht: 0,89863,3,6,2,01,15,5,1,0,0,0,0,0
"POINT (9.646492043000023 52.399268566000046)",Unfall 89865 (2019) Kat:2, Licht: 2,89865,2,3,5,01,06,5,1,2,0,1,0,1
"POINT (9.697542711000040 52.377383557000030)",Unfall 89902 (2019) Kat:3, Licht: 0,89902,3,6,2,01,14,6,1,0,0,1,0,0
"POINT (9.292343491000054 52.489496587000076)",Unfall 89904 (2019) Kat:3, Licht: 0,89904,3,1,8,01,12,6,1,0,0,1,0,0
"POINT (9.463684660000070 52.348069704000068)",Unfall 89906 (2019) Kat:3, Licht: 2,89906,3,1,9,01,20,6,1,2,0,1,0,0
"POINT (9.462789373000021 52.344434244000070)",Unfall 89908 (2019) Kat:3, Licht: 0,89908,3,1,9,01,10,6,1,0,0,1,0,0
"POINT (9.623690884000041 52.425537681000037)",Unfall 89910 (2019) Kat:3, Licht: 2,89910,3,3,5,01,23,6,1,2,0,1,0,0
"POINT (9.915581565000025 52.334918909000066)",Unfall 89962 (2019) Kat:2, Licht: 2,89962,2,1,8,01,20,6,0,2,0,1,0,0
"POINT (9.735430630000053 52.613617923000049)",Unfall 89981 (2019) Kat:3, Licht: 2,89981,3,7,9,01,17,5,0,2,0,1,0,0
"POINT (9.577459067000063 52.458513791000030)",Unfall 89988 (2019) Kat:3, Licht: 0,89988,3,2,3,01,11,5,0,0,0,1,0,1
"POINT (9.859548950000033 52.491395892000071)",Unfall 89989 (2019) Kat:3, Licht: 0,89989,3,6,2,01,12,5,0,0,0,1,0,0
"POINT (9.830612669000061 52.409388294000053)",Unfall 89991 (2019) Kat:3, Licht: 0,89991,3,6,2,01,08,5,0,0,0,1,0,0
"POINT (9.803286412000034 52.397112235000066)",Unfall 89995 (2019) Kat:3, Licht: 0,89995,3,6,2,01,08,5,0,0,0,1,0,0
"POINT (9.815237209000031 52.303582430000063)",Unfall 89996 (2019) Kat:3, Licht: 1,89996,3,2,5,01,16,4,0,1,0,1,0,0
"POINT (9.481912979000072 52.392366892000041)",Unfall 89997 (2019) Kat:3, Licht: 1,89997,3,6,2,01,07,5,0,1,0,1,0,0
"POINT (9.774312750000036 52.371024152000075)",Unfall 89999 (2019) Kat:3, Licht: 2,89999,3,6,3,01,18,4,0,2,0,1,0,0
"POINT (9.429229215000021 52.427498539000055)",Unfall 90001 (2019) Kat:3, Licht: 2,90001,3,3,5,01,18,4,0,2,1,1,0,0
"POINT (9.641264653000064 52.396924766000041)",Unfall 90004 (2019) Kat:3, Licht: 1,90004,3,3,5,01,19,4,0,1,0,1,0,0