WKT,Name,OBJECTID,UKATEGORIE,UTYP1,UART,UMONAT,USTUNDE,UWOCHENTAG,STRZUSTAND,ULICHTVERH,ISTRAD,ISTPKW,ISTFUSS,ISTKRAD
"POINT (9.771781291000025 52.342960254000047)",Unfall 91424 (2019) Kat:3, Licht: 0,91424,3,6,2,02,14,2,0,0,0,1,0,0
"POINT (9.860895639000034 52.406366614000035)",Unfall 91426 (2019) Kat:3, Licht: 0,91426,3,6,2,02,09,2,0,0,0,0,0,0
"POINT (9.775321801000075 52.343343119000053)",Unfall 91427 (2019) Kat:3, Licht: 0,91427,3,6,2,02,08,2,0,0,0,1,0,0
"POINT (9.454106410000065 52.388552546000028)",Unfall 91428 (2019) Kat:3, Licht: 0,91428,3,4,6,02,07,2,0,0,0,1,1,0
"POINT (9.606321144000049 52.316257685000039)",Unfall 91430 (2019) Kat:3, Licht: 2,91430,3,4,6,02,19,2,0,2,0,1,1,0
"POINT (9.509232851000036 52.316725003000045)",Unfall 91432 (2019) Kat:3, Licht: 0,91432,3,2,2,02,15,2,0,0,0,1,0,0
"POINT (9.731218476000038 52.433584994000057)",Unfall 91434 (2019) Kat:3, Licht: 0,91434,3,4,6,02,16,2,0,0,0,1,1,0
"POINT (9.792347350000057 52.371629458000029)",Unfall 91436 (2019) Kat:3, Licht: 0,91436,3,2,5,02,16,2,0,0,0,1,0,1
"POINT (9.762524997000071 52.345106064000049)",Unfall 91440 (2019) Kat:3, Licht: 0,91440,3,5,1,02,08,3,0,0,0,1,0,0
"POINT (9.429551577000041 52.355642121000074)",Unfall 91441 (2019) Kat:2, Licht: 0,91441,2,6,2,02,13,2,0,0,0,0,0,0
"POINT (9.561243843000057 52.194392058000062)",Unfall 91442 (2019) Kat:3, Licht: 0,91442,3,3,5,02,15,3,0,0,1,1,0,0
"POINT (9.715486428000077 52.346350440000037)",Unfall 91443 (2019) Kat:3, Licht: 2,91443,3,6,2,02,06,2,0,2,0,1,0,0
"POINT (9.758470264000039 52.349425340000039)",Unfall 91444 (2019) Kat:3, Licht: 0,91444,3,6,6,02,09,3,0,0,1,0,1,0
"POINT (9.735868759000027 52.401534058000038)",Unfall 91446 (2019) Kat:3, Licht: 2,91446,3,6,2,02,18,2,0,2,0,1,0,0
"POINT (9.817884146000040 52.297465139000053)",Unfall 91454 (2019) Kat:2, Licht: 2,91454,2,4,6,02,03,2,0,2,0,1,1,0
"POINT (9.448681774000022 52.439164810000079)",Unfall 91523 (2019) Kat:3, Licht: 0,91523,3,3,5,02,12,2,0,0,0,1,0,0
"POINT (9.818631612000047 52.427607010000031)",Unfall 91527 (2019) Kat:3, Licht: 0,91527,3,6,3,02,12,2,0,0,0,1,0,0
"POINT (9.787777991000041 52.429622658000028)",Unfall 91532 (2019) Kat:3, Licht: 1,91532,3,7,1,02,07,2,1,1,0,0,0,0
"POINT (9.654674130000046 52.407820635000064)",Unfall 91542 (2019) Kat:3, Licht: 2,91542,3,6,2,02,18,1,0,2,0,1,0,0
"POINT (9.600158945000032 52.319711962000042)",Unfall 91544 (2019) Kat:3, Licht: 0,91544,3,3,5,02,15,1,0,0,1,1,0,0
"POINT (9.502569406000021 52.541840347000061)",Unfall 91547 (2019) Kat:3, Licht: 0,91547,3,1,8,02,16,1,0,0,0,0,0,1
"POINT (9.575209492000056 52.418996870000058)",Unfall 91552 (2019) Kat:3, Licht: 2,91552,3,3,5,02,19,1,0,2,0,1,0,0
"POINT (10.135797023000066 52.368427315000076)",Unfall 91555 (2019) Kat:3, Licht: 0,91555,3,7,0,02,12,1,0,0,1,0,0,0
"POINT (9.734047363000059 52.387239047000037)",Unfall 91557 (2019) Kat:3, Licht: 0,91557,3,3,5,02,10,1,0,0,0,1,0,0
"POINT (9.849585540000021 52.326631008000049)",Unfall 91569 (2019) Kat:3, Licht: 0,91569,3,3,5,02,14,1,0,0,0,1,0,0
"POINT (9.735201851000056 52.405819266000037)",Unfall 91574 (2019) Kat:3, Licht: 2,91574,3,3,5,02,18,1,0,2,1,1,0,0
"POINT (9.398394640000049 52.423334833000069)",Unfall 91577 (2019) Kat:3, Licht: 2,91577,3,6,3,02,18,1,0,2,1,0,0,0
"POINT (9.846884723000073 52.472101503000033)",Unfall 91579 (2019) Kat:3, Licht: 0,91579,3,6,4,02,17,1,0,0,0,1,0,0
"POINT (9.529562939000073 52.608416310000052)",Unfall 91634 (2019) Kat:3, Licht: 2,91634,3,7,9,02,00,1,0,2,0,1,0,0
"POINT (9.710847085000069 52.219811830000026)",Unfall 91637 (2019) Kat:3, Licht: 0,91637,3,3,5,02,13,1,1,0,0,1,0,0
"POINT (9.451239521000048 52.423955692000050)",Unfall 91644 (2019) Kat:3, Licht: 0,91644,3,6,2,02,16,7,0,0,0,1,0,0
"POINT (9.456261247000043 52.306258625000055)",Unfall 91647 (2019) Kat:3, Licht: 2,91647,3,2,5,02,20,7,0,2,0,1,0,0
"POINT (9.764561465000043 52.343056072000081)",Unfall 91690 (2019) Kat:3, Licht: 0,91690,3,2,5,02,12,7,0,0,1,1,0,0
"POINT (9.466021774000069 52.304034554000054)",Unfall 91695 (2019) Kat:3, Licht: 0,91695,3,6,2,02,17,7,0,0,0,1,0,0
"POINT (9.613985271000047 52.430488649000040)",Unfall 91698 (2019) Kat:3, Licht: 0,91698,3,6,2,02,13,7,0,0,0,1,0,0
"POINT (9.931062236000059 52.339483855000026)",Unfall 91701 (2019) Kat:3, Licht: 0,91701,3,7,0,02,14,7,0,0,1,0,0,0
"POINT (9.735098059000052 52.404137630000037)",Unfall 91704 (2019) Kat:3, Licht: 0,91704,3,4,6,02,13,7,1,0,0,1,1,0
"POINT (9.504003191000038 52.479492545000028)",Unfall 91705 (2019) Kat:1, Licht: 0,91705,1,7,0,02,16,7,0,0,0,1,0,0
"POINT (9.781587155000068 52.554474705000075)",Unfall 91707 (2019) Kat:3, Licht: 0,91707,3,6,8,02,16,7,1,0,0,1,0,0
"POINT (9.737634870000022 52.464779789000033)",Unfall 91710 (2019) Kat:3, Licht: 1,91710,3,6,2,02,17,7,0,1,0,1,0,0
"POINT (9.703327130000048 52.422915848000059)",Unfall 91712 (2019) Kat:3, Licht: 0,91712,3,5,1,02,12,7,0,0,0,1,0,0
"POINT (10.041177267000023 52.376666999000065)",Unfall 91715 (2019) Kat:3, Licht: 1,91715,3,6,2,02,07,7,0,1,0,1,0,0
"POINT (9.450465866000059 52.428131239000038)",Unfall 91730 (2019) Kat:3, Licht: 2,91730,3,6,2,02,07,6,1,2,0,1,0,0
"POINT (9.780501527000070 52.270016223000027)",Unfall 91733 (2019) Kat:3, Licht: 0,91733,3,2,2,02,16,6,0,0,0,1,0,0
"POINT (9.997828755000057 52.506572839000057)",Unfall 91736 (2019) Kat:3, Licht: 0,91736,3,7,8,02,16,6,0,0,0,1,0,0
"POINT (10.134529063000059 52.362896242000033)",Unfall 91745 (2019) Kat:2, Licht: 0,91745,2,6,3,02,16,7,0,0,0,1,0,0
"POINT (9.808683277000057 52.306882932000065)",Unfall 91811 (2019) Kat:3, Licht: 0,91811,3,4,6,02,13,5,0,0,0,1,1,0
"POINT (9.699936025000056 52.416285313000060)",Unfall 91813 (2019) Kat:3, Licht: 0,91813,3,6,4,02,12,5,1,0,0,1,0,0
"POINT (9.799801338000066 52.407931932000054)",Unfall 91817 (2019) Kat:3, Licht: 0,91817,3,5,0,02,12,5,0,0,1,0,0,0
"POINT (9.455698781000024 52.507245648000037)",Unfall 91821 (2019) Kat:3, Licht: 0,91821,3,3,5,02,14,5,0,0,1,1,0,0
"POINT (9.733887861000028 52.309620256000073)",Unfall 91824 (2019) Kat:2, Licht: 0,91824,2,3,5,02,17,5,1,0,1,1,0,0
"POINT (9.786735186000044 52.389849268000034)",Unfall 91828 (2019) Kat:2, Licht: 0,91828,2,6,2,02,16,5,0,0,0,1,0,0
"POINT (9.756826144000058 52.313390580000032)",Unfall 91831 (2019) Kat:2, Licht: 1,91831,2,7,9,02,14,5,0,1,0,1,0,0
"POINT (9.733929476000071 52.438299348000044)",Unfall 91834 (2019) Kat:2, Licht: 0,91834,2,2,6,02,12,5,0,0,0,1,1,0
"POINT (9.719327602000021 52.349322812000082)",Unfall 91835 (2019) Kat:3, Licht: 0,91835,3,3,5,02,08,5,0,0,0,1,0,0
"POINT (9.771781291000025 52.342960254000047)",Unfall 91845 (2019) Kat:3, Licht: 2,91845,3,6,3,02,06,6,0,2,0,1,0,0
"POINT (9.499788519000049 52.283628775000068)",Unfall 91849 (2019) Kat:3, Licht: 0,91849,3,5,1,02,11,6,0,0,1,0,0,0
"POINT (9.495411567000076 52.276844100000062)",Unfall 91852 (2019) Kat:3, Licht: 0,91852,3,1,0,02,11,6,0,0,1,0,0,0
"POINT (9.614057768000066 52.430556060000072)",Unfall 91855 (2019) Kat:3, Licht: 0,91855,3,6,2,02,12,6,0,0,0,1,0,0
"POINT (9.844232984000030 52.425303828000040)",Unfall 91858 (2019) Kat:3, Licht: 2,91858,3,6,2,02,17,6,0,2,0,1,0,0
"POINT (9.782435563000036 52.362239285000044)",Unfall 91863 (2019) Kat:3, Licht: 0,91863,3,6,2,02,07,6,1,0,0,1,0,0
"POINT (9.774600114000066 52.371041537000053)",Unfall 91876 (2019) Kat:3, Licht: 0,91876,3,6,2,02,13,6,0,0,0,1,0,0
"POINT (9.763449292000075 52.343832852000048)",Unfall 91882 (2019) Kat:3, Licht: 0,91882,3,6,0,02,12,6,0,0,0,1,0,0
"POINT (9.703296850000072 52.416030551000063)",Unfall 91887 (2019) Kat:3, Licht: 0,91887,3,6,2,02,14,6,0,0,0,1,0,0
"POINT (9.729305492000037 52.318716166000058)",Unfall 91890 (2019) Kat:3, Licht: 0,91890,3,6,2,02,14,6,0,0,0,1,0,0
"POINT (9.551201177000053 52.340220365000050)",Unfall 91895 (2019) Kat:3, Licht: 0,91895,3,3,5,02,16,6,0,0,1,1,0,0
"POINT (9.589449017000050 52.439125973000046)",Unfall 91899 (2019) Kat:3, Licht: 0,91899,3,6,2,02,15,6,0,0,0,1,0,0
"POINT (9.711502604000032 52.441112555000075)",Unfall 91905 (2019) Kat:3, Licht: 0,91905,3,2,2,02,10,6,0,0,0,1,0,0
"POINT (9.836118497000030 52.489929403000076)",Unfall 91912 (2019) Kat:3, Licht: 2,91912,3,3,5,02,18,6,0,2,1,1,0,0
"POINT (9.531575673000077 52.419135487000062)",Unfall 91916 (2019) Kat:3, Licht: 2,91916,3,6,2,02,20,6,0,2,0,1,0,0
"POINT (9.562805613000023 52.364510348000067)",Unfall 91918 (2019) Kat:3, Licht: 0,91918,3,6,2,02,15,6,0,0,0,1,0,0
"POINT (9.514005846000032 52.411586710000051)",Unfall 91923 (2019) Kat:3, Licht: 0,91923,3,6,2,02,11,6,0,0,0,0,0,0
"POINT (9.697729697000057 52.376360659000056)",Unfall 91924 (2019) Kat:3, Licht: 0,91924,3,6,2,02,07,4,0,0,0,1,0,0
"POINT (9.942152640000074 52.392166782000061)",Unfall 91926 (2019) Kat:3, Licht: 2,91926,3,6,3,02,19,6,0,2,0,1,0,0
"POINT (9.444169063000061 52.416717420000055)",Unfall 91929 (2019) Kat:3, Licht: 2,91929,3,2,6,02,18,4,0,2,0,1,1,0
"POINT (9.598334466000040 52.216177250000044)",Unfall 91932 (2019) Kat:3, Licht: 0,91932,3,3,5,02,12,4,0,0,0,0,0,0
"POINT (9.734362242000032 52.475240185000075)",Unfall 91965 (2019) Kat:3, Licht: 0,91965,3,6,2,03,15,5,1,0,0,1,0,0
"POINT (9.813536142000032 52.317444836000050)",Unfall 91970 (2019) Kat:3, Licht: 0,91970,3,6,2,03,16,7,1,0,0,1,0,0
"POINT (9.849585540000021 52.326631008000049)",Unfall 91980 (2019) Kat:3, Licht: 0,91980,3,3,5,03,08,6,0,0,0,1,0,0
"POINT (9.611882054000034 52.437054678000038)",Unfall 91983 (2019) Kat:3, Licht: 2,91983,3,4,6,03,06,5,1,2,0,1,1,0
"POINT (9.654986967000070 52.407514365000054)",Unfall 91992 (2019) Kat:3, Licht: 2,91992,3,1,8,03,01,1,0,2,0,1,0,0
"POINT (9.778808034000065 52.367735326000059)",Unfall 91994 (2019) Kat:3, Licht: 2,91994,3,1,9,03,19,2,1,2,0,1,0,0
"POINT (9.774600114000066 52.371041537000053)",Unfall 92006 (2019) Kat:3, Licht: 0,92006,3,6,2,03,16,4,0,0,0,1,0,0
"POINT (9.733418185000062 52.384414849000052)",Unfall 92009 (2019) Kat:3, Licht: 0,92009,3,6,2,03,08,4,0,0,0,1,0,0
"POINT (9.738657699000044 52.209526806000042)",Unfall 92012 (2019) Kat:3, Licht: 0,92012,3,1,8,03,16,4,0,0,0,1,0,0
"POINT (9.770768286000021 52.520576068000082)",Unfall 92015 (2019) Kat:3, Licht: 0,92015,3,7,7,03,10,4,0,0,0,1,0,0
"POINT (9.990509558000042 52.368588170000066)",Unfall 92018 (2019) Kat:3, Licht: 0,92018,3,2,4,03,06,4,1,0,0,1,0,0
"POINT (9.925855766000041 52.509420821000049)",Unfall 92020 (2019) Kat:3, Licht: 0,92020,3,2,4,03,16,4,1,0,0,1,0,0
"POINT (9.857333131000075 52.505253561000075)",Unfall 92023 (2019) Kat:3, Licht: 0,92023,3,3,5,03,15,4,0,0,0,1,0,0
"POINT (9.722532742000055 52.358290359000080)",Unfall 92026 (2019) Kat:3, Licht: 2,92026,3,6,2,03,18,4,1,2,0,1,0,0
"POINT (9.735456051000028 52.395462197000029)",Unfall 92027 (2019) Kat:3, Licht: 2,92027,3,6,3,03,20,4,1,2,0,1,0,0
"POINT (9.771431140000061 52.370872184000063)",Unfall 92038 (2019) Kat:3, Licht: 0,92038,3,6,2,03,16,5,0,0,0,1,0,0
"POINT (9.728541529000040 52.318452148000063)",Unfall 92040 (2019) Kat:3, Licht: 0,92040,3,1,1,03,09,5,0,0,0,1,0,0
"POINT (9.457251014000065 52.504762468000081)",Unfall 92043 (2019) Kat:3, Licht: 0,92043,3,2,5,03,08,5,0,0,1,1,0,0
"POINT (9.451042854000036 52.329659633000063)",Unfall 92044 (2019) Kat:3, Licht: 2,92044,3,2,5,03,18,5,0,2,0,1,0,1
"POINT (9.589709465000055 52.439155928000048)",Unfall 92046 (2019) Kat:3, Licht: 0,92046,3,2,4,03,14,5,0,0,0,1,0,0
"POINT (9.966434389000028 52.315509490000068)",Unfall 92049 (2019) Kat:3, Licht: 0,92049,3,2,5,03,16,5,0,0,1,0,0,0
"POINT (9.969231113000035 52.367875066000067)",Unfall 92052 (2019) Kat:3, Licht: 0,92052,3,2,5,03,12,5,0,0,0,1,0,0
"POINT (9.973950381000066 52.394550727000080)",Unfall 92055 (2019) Kat:3, Licht: 0,92055,3,7,0,03,09,5,0,0,1,0,0,0
"POINT (9.722222819000024 52.359200486000077)",Unfall 92058 (2019) Kat:2, Licht: 0,92058,2,2,5,03,15,5,0,0,1,1,0,0
"POINT (9.642516730000068 52.397022280000044)",Unfall 92067 (2019) Kat:3, Licht: 2,92067,3,5,5,03,18,4,1,2,0,1,0,0
"POINT (9.500541774000055 52.403957456000057)",Unfall 92094 (2019) Kat:3, Licht: 0,92094,3,6,2,03,15,5,1,0,0,1,0,0
"POINT (9.811823322000066 52.305480112000055)",Unfall 92134 (2019) Kat:3, Licht: 2,92134,3,2,2,03,21,4,0,2,0,1,0,0
"POINT (9.431547816000034 52.422665766000080)",Unfall 92136 (2019) Kat:3, Licht: 0,92136,3,3,5,03,17,4,0,0,1,0,0,0
"POINT (9.674662038000065 52.349718328000051)",Unfall 92138 (2019) Kat:3, Licht: 2,92138,3,1,9,03,20,7,1,2,0,1,0,0
"POINT (9.388592558000028 52.539045714000054)",Unfall 92139 (2019) Kat:3, Licht: 0,92139,3,6,2,03,13,4,0,0,0,1,0,0
"POINT (9.539075629000024 52.461749552000072)",Unfall 92142 (2019) Kat:3, Licht: 0,92142,3,3,5,03,13,4,0,0,0,1,0,0
"POINT (9.712874402000068 52.441066667000030)",Unfall 92145 (2019) Kat:3, Licht: 0,92145,3,6,2,03,12,4,0,0,0,1,0,0
"POINT (9.884961615000066 52.437019678000070)",Unfall 92148 (2019) Kat:3, Licht: 0,92148,3,6,2,03,15,4,0,0,0,1,0,0
"POINT (10.012466939000035 52.447872046000043)",Unfall 92151 (2019) Kat:3, Licht: 0,92151,3,2,5,03,09,4,0,0,1,1,0,0
"POINT (9.696459208000022 52.379727624000054)",Unfall 92153 (2019) Kat:3, Licht: 2,92153,3,6,2,03,20,4,1,2,0,1,0,1
"POINT (9.735956096000052 52.400963985000033)",Unfall 92156 (2019) Kat:3, Licht: 0,92156,3,6,2,03,13,4,0,0,0,1,0,0
"POINT (9.630803797000056 52.293388606000065)",Unfall 92159 (2019) Kat:2, Licht: 0,92159,2,3,5,03,11,4,0,0,1,0,0,0
"POINT (9.714483635000022 52.361030762000041)",Unfall 92168 (2019) Kat:3, Licht: 0,92168,3,2,2,03,14,3,0,0,0,1,0,0
"POINT (9.842806225000061 52.424454284000035)",Unfall 92171 (2019) Kat:3, Licht: 0,92171,3,2,5,03,16,3,0,0,1,1,0,0
"POINT (9.642288574000077 52.414572115000055)",Unfall 92174 (2019) Kat:3, Licht: 0,92174,3,3,5,03,08,3,0,0,0,1,0,0
"POINT (9.455584549000037 52.425952395000081)",Unfall 92199 (2019) Kat:3, Licht: 0,92199,3,6,2,03,13,4,0,0,0,1,0,0
"POINT (10.024299766000070 52.521905136000044)",Unfall 92201 (2019) Kat:3, Licht: 0,92201,3,7,1,03,11,6,1,0,0,1,0,0
"POINT (10.012632450000069 52.447486291000075)",Unfall 92204 (2019) Kat:3, Licht: 1,92204,3,2,6,03,19,5,1,1,0,1,1,0
"POINT (9.641568282000037 52.414936142000045)",Unfall 92277 (2019) Kat:3, Licht: 0,92277,3,6,2,03,07,3,1,0,0,1,0,0
"POINT (9.569018436000022 52.399503220000042)",Unfall 92279 (2019) Kat:3, Licht: 0,92279,3,2,2,03,10,3,0,0,0,1,0,0
"POINT (9.650729461000026 52.391303094000079)",Unfall 92282 (2019) Kat:3, Licht: 2,92282,3,2,5,03,05,3,0,2,0,1,0,0
"POINT (9.727809252000043 52.502324557000065)",Unfall 92284 (2019) Kat:3, Licht: 0,92284,3,6,2,03,11,3,0,0,0,1,0,0
"POINT (9.829996607000055 52.299178775000030)",Unfall 92286 (2019) Kat:3, Licht: 0,92286,3,1,8,03,08,3,1,0,0,1,0,0
"POINT (9.589408318000039 52.211737344000028)",Unfall 92291 (2019) Kat:3, Licht: 0,92291,3,1,7,03,13,2,1,0,0,1,0,0
"POINT (9.730739031000042 52.318863892000081)",Unfall 92293 (2019) Kat:3, Licht: 2,92293,3,2,2,03,23,2,1,2,0,1,0,0
"POINT (9.611016131000042 52.431414798000048)",Unfall 92294 (2019) Kat:3, Licht: 0,92294,3,3,5,03,11,2,1,0,0,1,0,0
"POINT (9.575160742000037 52.431815407000045)",Unfall 92296 (2019) Kat:3, Licht: 2,92296,3,6,2,03,18,2,1,2,0,1,0,0
"POINT (10.172447306000038 52.419405574000052)",Unfall 92299 (2019) Kat:3, Licht: 0,92299,3,2,2,03,13,2,0,0,0,1,0,0
"POINT (9.626379813000028 52.423710190000065)",Unfall 92302 (2019) Kat:3, Licht: 2,92302,3,6,2,03,18,2,0,2,0,1,0,0
"POINT (9.467323014000044 52.381815714000027)",Unfall 92303 (2019) Kat:3, Licht: 0,92303,3,6,9,03,16,2,0,0,0,1,0,0
"POINT (9.857666256000073 52.387854520000076)",Unfall 92306 (2019) Kat:2, Licht: 0,92306,2,6,2,03,14,2,1,0,0,1,0,0
"POINT (9.777856713000062 52.373384692000059)",Unfall 92309 (2019) Kat:3, Licht: 0,92309,3,3,5,03,06,2,0,0,0,1,0,0
"POINT (9.719221518000040 52.353830359000028)",Unfall 92319 (2019) Kat:3, Licht: 0,92319,3,1,8,03,13,5,0,0,0,0,0,1
"POINT (9.310195727000064 52.503938177000066)",Unfall 92324 (2019) Kat:3, Licht: 0,92324,3,1,8,03,14,7,1,0,0,1,0,0
"POINT (9.682779064000044 52.372728860000052)",Unfall 92334 (2019) Kat:3, Licht: 0,92334,3,1,4,03,16,6,0,0,0,1,0,0
"POINT (9.614406505000034 52.387835354000060)",Unfall 92337 (2019) Kat:3, Licht: 1,92337,3,6,8,03,06,5,1,1,0,0,0,1
"POINT (9.929155776000073 52.403466801000036)",Unfall 92386 (2019) Kat:3, Licht: 0,92386,3,1,9,03,14,2,1,0,0,1,0,0
"POINT (9.728642595000054 52.368150080000078)",Unfall 92389 (2019) Kat:3, Licht: 2,92389,3,1,8,03,03,1,0,2,0,1,0,0
"POINT (9.672475062000046 52.441414986000041)",Unfall 92390 (2019) Kat:3, Licht: 0,92390,3,2,2,03,13,2,1,0,0,1,0,0
"POINT (9.458454863000043 52.388254864000032)",Unfall 92393 (2019) Kat:3, Licht: 2,92393,3,3,5,03,00,1,1,2,0,1,0,0
"POINT (9.606719568000074 52.217312759000038)",Unfall 92394 (2019) Kat:3, Licht: 0,92394,3,1,8,03,15,2,1,0,0,1,0,0
"POINT (9.452004215000045 52.388629451000043)",Unfall 92398 (2019) Kat:3, Licht: 2,92398,3,1,8,03,00,1,1,2,0,1,0,0
"POINT (10.051299627000049 52.373657523000077)",Unfall 92399 (2019) Kat:3, Licht: 0,92399,3,6,3,03,10,2,1,0,0,1,0,0
"POINT (9.714315148000026 52.361094467000044)",Unfall 92402 (2019) Kat:2, Licht: 0,92402,2,1,8,03,07,2,1,0,0,1,0,0
"POINT (9.624965389000067 52.279474437000033)",Unfall 92405 (2019) Kat:3, Licht: 0,92405,3,7,3,03,13,1,1,0,0,1,0,0
"POINT (9.678011210000022 52.429063013000075)",Unfall 92408 (2019) Kat:3, Licht: 0,92408,3,7,9,03,14,1,1,0,0,1,0,0
"POINT (9.731682720000038 52.382706229000064)",Unfall 92409 (2019) Kat:3, Licht: 1,92409,3,3,5,03,06,2,1,1,1,1,0,0
"POINT (9.589086279000071 52.320939746000079)",Unfall 92412 (2019) Kat:2, Licht: 1,92412,2,1,9,03,06,1,0,1,0,1,0,0
"POINT (9.656443529000057 52.349958479000065)",Unfall 92425 (2019) Kat:3, Licht: 0,92425,3,6,2,03,17,2,1,0,0,1,0,0
"POINT (9.486153714000068 52.305116819000034)",Unfall 92431 (2019) Kat:3, Licht: 0,92431,3,3,5,03,14,2,1,0,0,1,0,0
"POINT (9.693974047000040 52.361173432000044)",Unfall 92434 (2019) Kat:3, Licht: 0,92434,3,2,5,03,16,5,1,0,1,0,0,0
"POINT (9.467360335000024 52.332678898000040)",Unfall 92435 (2019) Kat:3, Licht: 0,92435,3,6,2,03,07,2,1,0,0,1,0,0
"POINT (9.507573455000056 52.289543114000026)",Unfall 92437 (2019) Kat:3, Licht: 2,92437,3,5,2,03,22,4,1,2,0,1,0,0
"POINT (9.964241029000050 52.315952566000078)",Unfall 92438 (2019) Kat:3, Licht: 2,92438,3,2,4,03,19,2,0,2,1,1,0,0
"POINT (10.136227294000037 52.416680230000054)",Unfall 92442 (2019) Kat:3, Licht: 0,92442,3,1,9,03,14,2,1,0,0,1,0,0
"POINT (9.824144590000060 52.308256808000067)",Unfall 92445 (2019) Kat:3, Licht: 1,92445,3,3,5,03,17,2,1,1,0,1,0,0
"POINT (9.778559692000044 52.376051562000043)",Unfall 92447 (2019) Kat:3, Licht: 0,92447,3,6,2,03,15,2,1,0,0,1,0,0
"POINT (9.430602003000047 52.356769347000068)",Unfall 92451 (2019) Kat:3, Licht: 0,92451,3,7,8,03,14,2,0,0,0,1,0,0
"POINT (9.709173087000067 52.408099250000078)",Unfall 92455 (2019) Kat:3, Licht: 0,92455,3,3,5,03,12,2,1,0,1,0,0,0
"POINT (9.863270411000030 52.327864703000046)",Unfall 92458 (2019) Kat:3, Licht: 0,92458,3,6,2,03,07,2,0,0,0,1,0,0
"POINT (9.705541631000074 52.423749445000055)",Unfall 92495 (2019) Kat:3, Licht: 0,92495,3,3,5,03,12,7,0,0,0,1,0,1
"POINT (9.729132867000033 52.381872352000073)",Unfall 92527 (2019) Kat:3, Licht: 0,92527,3,5,3,03,17,7,1,0,0,1,0,1
"POINT (9.738943053000071 52.437771440000063)",Unfall 92531 (2019) Kat:3, Licht: 0,92531,3,3,5,03,13,1,0,0,1,1,0,0
"POINT (9.801036063000026 52.429288063000058)",Unfall 92539 (2019) Kat:2, Licht: 2,92539,2,4,6,03,19,1,0,2,0,0,1,0
"POINT (9.800709119000032 52.515520678000030)",Unfall 92540 (2019) Kat:3, Licht: 0,92540,3,2,2,03,14,6,0,0,0,1,0,0
"POINT (9.748051770000075 52.437208252000062)",Unfall 92544 (2019) Kat:3, Licht: 0,92544,3,7,4,03,16,5,1,0,0,1,0,0
"POINT (9.844760710000060 52.389558856000065)",Unfall 92551 (2019) Kat:3, Licht: 2,92551,3,2,5,03,19,3,0,2,0,1,0,1
"POINT (9.733984840000062 52.384947007000051)",Unfall 92606 (2019) Kat:3, Licht: 0,92606,3,3,5,03,14,4,0,0,1,1,0,0
"POINT (9.768463118000057 52.338164676000076)",Unfall 92648 (2019) Kat:3, Licht: 1,92648,3,6,2,03,17,7,1,1,0,1,0,0
"POINT (9.735771995000050 52.402159000000040)",Unfall 92654 (2019) Kat:3, Licht: 2,92654,3,6,2,03,00,7,0,2,0,1,0,0
"POINT (9.847153484000046 52.274490134000075)",Unfall 92674 (2019) Kat:3, Licht: 0,92674,3,5,1,03,13,7,1,0,0,1,0,0
"POINT (9.633158524000066 52.259131582000066)",Unfall 92677 (2019) Kat:1, Licht: 0,92677,1,6,4,03,15,7,1,0,0,1,0,0
"POINT (9.630253614000026 52.263365319000059)",Unfall 92678 (2019) Kat:3, Licht: 1,92678,3,2,2,03,07,6,1,1,0,1,0,0
"POINT (9.760457775000077 52.587035797000055)",Unfall 92681 (2019) Kat:2, Licht: 1,92681,2,7,3,03,05,7,0,1,0,1,0,0
"POINT (9.472763929000053 52.505176008000035)",Unfall 92682 (2019) Kat:3, Licht: 2,92682,3,6,2,03,21,6,0,2,0,1,0,0
"POINT (9.629898004000040 52.485018298000057)",Unfall 92689 (2019) Kat:3, Licht: 0,92689,3,1,8,03,11,6,1,0,0,1,0,0
"POINT (9.976936247000026 52.372592525000073)",Unfall 92692 (2019) Kat:3, Licht: 1,92692,3,3,5,03,06,6,1,1,0,1,0,0
"POINT (9.838957403000052 52.447817531000055)",Unfall 92696 (2019) Kat:3, Licht: 1,92696,3,3,0,03,07,6,1,1,1,1,0,0
"POINT (9.840847927000027 52.317226477000077)",Unfall 92699 (2019) Kat:3, Licht: 2,92699,3,1,9,03,23,6,0,2,0,1,0,0
"POINT (9.844724516000042 52.411114304000080)",Unfall 92703 (2019) Kat:2, Licht: 0,92703,2,1,8,03,08,6,1,0,0,1,0,0
"POINT (9.735825547000047 52.399573479000026)",Unfall 92709 (2019) Kat:3, Licht: 0,92709,3,6,2,03,10,6,1,0,0,1,0,0
"POINT (9.737647649000053 52.427236075000053)",Unfall 92713 (2019) Kat:3, Licht: 0,92713,3,6,2,03,09,6,1,0,0,0,0,0
"POINT (9.733046429000069 52.369271645000026)",Unfall 92717 (2019) Kat:3, Licht: 0,92717,3,6,2,03,15,3,0,0,0,1,0,0
"POINT (9.477352568000072 52.362986180000064)",Unfall 92727 (2019) Kat:3, Licht: 0,92727,3,5,1,03,13,2,1,0,0,1,0,0
"POINT (9.668119853000064 52.343784922000054)",Unfall 92764 (2019) Kat:3, Licht: 1,92764,3,3,5,03,18,7,1,1,0,1,0,0
"POINT (9.740500946000054 52.368278124000028)",Unfall 92780 (2019) Kat:3, Licht: 0,92780,3,6,2,03,15,5,1,0,0,1,0,0
"POINT (9.723423402000037 52.454417435000039)",Unfall 92794 (2019) Kat:3, Licht: 2,92794,3,6,2,03,18,1,2,2,0,1,0,0