WKT,Name,OBJECTID,UKATEGORIE,UTYP1,UART,UMONAT,USTUNDE,UWOCHENTAG,STRZUSTAND,ULICHTVERH,ISTRAD,ISTPKW,ISTFUSS,ISTKRAD
"POINT (9.967108870000061 52.366930498000045)",Unfall 95506 (2019) Kat:3, Licht: 0,95506,3,3,5,05,17,1,0,0,0,1,0,1
"POINT (9.897096442000077 52.351618462000033)",Unfall 95508 (2019) Kat:3, Licht: 0,95508,3,3,5,05,13,1,0,0,1,1,0,0
"POINT (9.615664981000066 52.429958375000069)",Unfall 95510 (2019) Kat:2, Licht: 2,95510,2,3,5,05,23,1,0,2,0,1,0,0
"POINT (9.610987567000052 52.431543822000037)",Unfall 95511 (2019) Kat:3, Licht: 0,95511,3,7,0,05,17,1,0,0,1,0,0,0
"POINT (9.787139355000022 52.563720847000070)",Unfall 95516 (2019) Kat:3, Licht: 0,95516,3,6,2,05,16,1,0,0,0,1,0,0
"POINT (9.734159286000022 52.369064210000033)",Unfall 95518 (2019) Kat:2, Licht: 0,95518,2,2,5,05,08,1,0,0,1,0,0,0
"POINT (9.751203076000024 52.520333141000037)",Unfall 95534 (2019) Kat:2, Licht: 0,95534,2,3,5,05,10,3,0,0,0,1,0,1
"POINT (9.745641044000024 52.209369142000071)",Unfall 95542 (2019) Kat:3, Licht: 0,95542,3,2,4,05,19,4,0,0,0,1,0,0
"POINT (9.420752340000036 52.331495717000053)",Unfall 95563 (2019) Kat:3, Licht: 0,95563,3,7,0,05,17,4,0,0,0,0,0,1
"POINT (9.761910134000061 52.370420658000057)",Unfall 95587 (2019) Kat:3, Licht: 0,95587,3,6,2,05,17,7,0,0,0,1,0,0
"POINT (9.811351818000048 52.367165630000045)",Unfall 95593 (2019) Kat:3, Licht: 0,95593,3,2,5,05,15,6,0,0,0,1,0,0
"POINT (9.800010720000046 52.352209194000068)",Unfall 95605 (2019) Kat:3, Licht: 0,95605,3,6,2,05,16,2,0,0,0,1,0,0
"POINT (9.548748050000029 52.565795765000075)",Unfall 95613 (2019) Kat:3, Licht: 0,95613,3,7,9,05,14,3,0,0,0,1,0,0
"POINT (9.466685703000053 52.332756090000032)",Unfall 95645 (2019) Kat:3, Licht: 0,95645,3,6,2,05,07,4,0,0,0,0,0,1
"POINT (9.728001611000025 52.374212041000078)",Unfall 95652 (2019) Kat:3, Licht: 0,95652,3,6,4,05,21,4,0,0,1,0,0,0
"POINT (9.768403941000031 52.338492335000069)",Unfall 95668 (2019) Kat:3, Licht: 0,95668,3,2,5,05,08,4,0,0,1,1,0,0
"POINT (9.762831864000077 52.344425446000059)",Unfall 95683 (2019) Kat:3, Licht: 0,95683,3,3,5,05,20,5,0,0,1,1,0,0
"POINT (9.457260380000037 52.504540210000073)",Unfall 95698 (2019) Kat:3, Licht: 0,95698,3,3,5,05,09,6,1,0,0,1,0,0
"POINT (9.622240624000028 52.393129478000048)",Unfall 95700 (2019) Kat:3, Licht: 0,95700,3,3,5,05,18,6,1,0,1,1,0,0
"POINT (9.457221436000054 52.503264286000046)",Unfall 95701 (2019) Kat:3, Licht: 0,95701,3,2,5,05,10,6,0,0,1,1,0,0
"POINT (9.460035244000039 52.307961381000041)",Unfall 95705 (2019) Kat:2, Licht: 0,95705,2,3,5,05,13,6,0,0,1,1,0,0
"POINT (9.604666272000031 52.408426989000077)",Unfall 95706 (2019) Kat:3, Licht: 0,95706,3,3,5,05,18,6,1,0,1,1,0,0
"POINT (10.020766759000026 52.435499463000042)",Unfall 95708 (2019) Kat:3, Licht: 0,95708,3,6,2,05,16,6,0,0,0,1,0,0
"POINT (9.786787924000066 52.389940430000081)",Unfall 95709 (2019) Kat:3, Licht: 0,95709,3,6,2,05,16,6,0,0,0,1,0,0
"POINT (9.858402929000022 52.306799870000077)",Unfall 95713 (2019) Kat:3, Licht: 0,95713,3,1,0,05,21,6,1,0,0,0,0,1
"POINT (9.834390470000074 52.419835027000033)",Unfall 95714 (2019) Kat:2, Licht: 0,95714,2,6,3,05,17,6,0,0,0,1,0,1
"POINT (9.732571599000039 52.423506869000050)",Unfall 95716 (2019) Kat:3, Licht: 0,95716,3,7,0,05,09,6,0,0,0,1,0,0
"POINT (9.813326292000056 52.318965601000059)",Unfall 95718 (2019) Kat:2, Licht: 0,95718,2,2,4,05,14,2,0,0,0,1,0,0
"POINT (9.941546280000068 52.477401270000030)",Unfall 95744 (2019) Kat:2, Licht: 0,95744,2,1,8,05,07,2,1,0,0,1,0,0
"POINT (9.729954206000059 52.489896239000075)",Unfall 95752 (2019) Kat:3, Licht: 0,95752,3,3,5,05,13,3,0,0,1,1,0,0
"POINT (9.829626802000064 52.299891925000054)",Unfall 95760 (2019) Kat:3, Licht: 0,95760,3,6,2,05,16,4,0,0,0,1,0,0
"POINT (9.682569148000027 52.326450806000082)",Unfall 95782 (2019) Kat:3, Licht: 0,95782,3,3,5,05,19,4,0,0,0,1,0,0
"POINT (9.868655571000033 52.312089853000032)",Unfall 95805 (2019) Kat:2, Licht: 0,95805,2,1,9,05,16,6,0,0,0,0,0,1
"POINT (9.672176094000065 52.396091551000040)",Unfall 95813 (2019) Kat:3, Licht: 0,95813,3,2,2,05,19,6,0,0,0,1,0,1
"POINT (9.885276060000024 52.508843541000033)",Unfall 95825 (2019) Kat:3, Licht: 0,95825,3,3,5,05,07,2,1,0,0,1,0,0
"POINT (9.750673939000023 52.359906772000045)",Unfall 95834 (2019) Kat:3, Licht: 0,95834,3,6,2,05,16,3,0,0,0,1,0,0
"POINT (9.654383838000058 52.408013399000026)",Unfall 95840 (2019) Kat:3, Licht: 0,95840,3,6,3,05,09,5,0,0,0,1,0,0
"POINT (9.724273546000063 52.377485704000037)",Unfall 95841 (2019) Kat:3, Licht: 0,95841,3,6,4,05,12,5,0,0,1,0,0,0
"POINT (9.463445200000024 52.531360906000032)",Unfall 95843 (2019) Kat:3, Licht: 0,95843,3,2,2,05,09,5,0,0,0,1,0,0
"POINT (9.564954648000025 52.440978840000071)",Unfall 95844 (2019) Kat:3, Licht: 0,95844,3,6,3,05,16,5,0,0,1,1,0,0
"POINT (9.923831344000064 52.366724301000033)",Unfall 95848 (2019) Kat:3, Licht: 0,95848,3,6,2,05,18,5,0,0,0,1,0,1
"POINT (9.642116577000024 52.414770820000058)",Unfall 95849 (2019) Kat:3, Licht: 2,95849,3,2,6,05,22,5,0,2,0,1,1,0
"POINT (9.849320826000053 52.327860003000069)",Unfall 95851 (2019) Kat:3, Licht: 0,95851,3,5,0,05,17,5,0,0,1,0,0,0
"POINT (9.859818489000077 52.385714048000068)",Unfall 95853 (2019) Kat:3, Licht: 0,95853,3,3,5,05,17,5,0,0,1,1,0,0
"POINT (9.768643844000053 52.337954017000072)",Unfall 95855 (2019) Kat:3, Licht: 0,95855,3,3,5,05,18,5,0,0,1,0,0,0
"POINT (9.773804692000056 52.331949797000050)",Unfall 95856 (2019) Kat:3, Licht: 0,95856,3,2,5,05,14,5,0,0,1,1,0,0
"POINT (9.788250978000065 52.562052881000056)",Unfall 95858 (2019) Kat:3, Licht: 0,95858,3,6,3,05,14,3,0,0,0,1,0,0
"POINT (9.730845991000024 52.370786815000031)",Unfall 95859 (2019) Kat:3, Licht: 0,95859,3,3,5,05,12,5,0,0,1,0,0,0
"POINT (9.712698316000058 52.401797991000080)",Unfall 95860 (2019) Kat:3, Licht: 0,95860,3,2,5,05,10,5,0,0,1,1,0,0
"POINT (9.825090823000039 52.308010292000063)",Unfall 95864 (2019) Kat:3, Licht: 0,95864,3,6,2,05,07,5,0,0,0,1,0,0
"POINT (9.666029258000037 52.170978419000051)",Unfall 95865 (2019) Kat:3, Licht: 0,95865,3,7,3,05,07,4,0,0,0,1,0,0
"POINT (9.654665718000047 52.407836399000075)",Unfall 95872 (2019) Kat:3, Licht: 0,95872,3,2,5,05,08,4,0,0,0,1,0,0
"POINT (9.825367945000039 52.504933327000060)",Unfall 95888 (2019) Kat:2, Licht: 0,95888,2,7,0,05,13,4,1,0,0,0,0,0
"POINT (9.774600114000066 52.371041537000053)",Unfall 95902 (2019) Kat:3, Licht: 0,95902,3,2,3,05,13,5,0,0,0,0,0,0
"POINT (9.797341454000048 52.371130284000060)",Unfall 95918 (2019) Kat:3, Licht: 0,95918,3,7,7,05,12,6,0,0,0,1,0,0
"POINT (9.767834920000041 52.343097614000044)",Unfall 95938 (2019) Kat:3, Licht: 0,95938,3,6,2,05,16,2,0,0,0,1,0,0
"POINT (9.804740999000046 52.481715912000027)",Unfall 95970 (2019) Kat:3, Licht: 0,95970,3,6,2,05,14,3,0,0,0,1,0,0
"POINT (9.745917956000028 52.366477977000045)",Unfall 95976 (2019) Kat:3, Licht: 0,95976,3,2,5,05,08,4,1,0,1,1,0,0
"POINT (9.431364635000023 52.435097502000076)",Unfall 95977 (2019) Kat:3, Licht: 0,95977,3,6,2,05,17,4,0,0,0,1,0,0
"POINT (9.662682679000056 52.384892894000075)",Unfall 95978 (2019) Kat:3, Licht: 0,95978,3,6,2,05,13,4,0,0,0,1,0,0
"POINT (9.635498438000070 52.245217144000037)",Unfall 95979 (2019) Kat:3, Licht: 0,95979,3,2,5,05,17,4,0,0,0,1,0,0
"POINT (9.593333888000075 52.437727021000057)",Unfall 95983 (2019) Kat:3, Licht: 0,95983,3,3,5,05,12,4,0,0,1,1,0,0
"POINT (9.980881844000066 52.374694081000030)",Unfall 95986 (2019) Kat:3, Licht: 0,95986,3,2,6,05,16,4,0,0,0,1,1,0
"POINT (9.970351972000060 52.315002336000077)",Unfall 95988 (2019) Kat:3, Licht: 0,95988,3,3,5,05,17,4,0,0,1,1,0,0
"POINT (10.032262457000058 52.523490844000037)",Unfall 96009 (2019) Kat:3, Licht: 0,96009,3,6,2,05,12,4,0,0,0,1,0,0
"POINT (9.849355714000069 52.564038464000078)",Unfall 96010 (2019) Kat:3, Licht: 0,96010,3,6,4,05,17,4,0,0,0,1,0,0
"POINT (9.764130965000049 52.343518160000031)",Unfall 96012 (2019) Kat:3, Licht: 0,96012,3,2,5,05,18,4,0,0,1,0,0,0
"POINT (9.827926048000052 52.384728987000074)",Unfall 96018 (2019) Kat:3, Licht: 0,96018,3,3,5,05,08,4,1,0,0,1,0,0
"POINT (9.644339338000066 52.423371006000082)",Unfall 96021 (2019) Kat:3, Licht: 0,96021,3,6,3,05,13,5,0,0,0,1,0,0
"POINT (9.508557669000027 52.367586478000078)",Unfall 96044 (2019) Kat:3, Licht: 0,96044,3,7,2,05,20,6,0,0,0,1,0,0
"POINT (9.602384731000029 52.435561636000045)",Unfall 222487 (2019) Kat:3, Licht: 0,222487,3,5,1,05,15,5,1,0,0,1,0,0
"POINT (9.752051084000073 52.367114093000055)",Unfall 222489 (2019) Kat:3, Licht: 2,222489,3,6,4,01,21,3,0,2,1,1,0,0
"POINT (9.818983967000065 52.325626089000082)",Unfall 222732 (2019) Kat:2, Licht: 0,222732,2,1,8,06,05,7,0,0,0,1,0,0
"POINT (9.670815552000022 52.397819741000035)",Unfall 222760 (2019) Kat:3, Licht: 0,222760,3,3,5,06,12,6,0,0,0,1,0,1
"POINT (9.716957445000048 52.336970468000061)",Unfall 222761 (2019) Kat:3, Licht: 2,222761,3,1,7,06,21,6,1,2,0,0,0,1
"POINT (9.710506114000054 52.371242270000039)",Unfall 222762 (2019) Kat:3, Licht: 0,222762,3,3,5,06,16,6,0,0,1,1,0,0
"POINT (9.770513305000065 52.353442538000081)",Unfall 222763 (2019) Kat:3, Licht: 0,222763,3,6,2,06,14,6,0,0,0,1,0,1
"POINT (9.749517406000052 52.337289579000071)",Unfall 222764 (2019) Kat:3, Licht: 0,222764,3,6,2,06,17,6,0,0,1,0,0,0
"POINT (9.450989962000051 52.435539836000032)",Unfall 222765 (2019) Kat:3, Licht: 0,222765,3,3,5,06,06,6,0,0,1,1,0,0
"POINT (9.648119665000024 52.171927514000060)",Unfall 222766 (2019) Kat:3, Licht: 0,222766,3,6,3,06,14,6,0,0,1,1,0,0
"POINT (9.595550230000072 52.420975134000059)",Unfall 222767 (2019) Kat:3, Licht: 0,222767,3,2,2,06,14,6,0,0,0,1,0,0
"POINT (9.754168146000041 52.439062293000063)",Unfall 222768 (2019) Kat:3, Licht: 0,222768,3,6,2,06,13,6,0,0,0,1,0,0
"POINT (9.850155060000077 52.484251216000075)",Unfall 222769 (2019) Kat:3, Licht: 0,222769,3,3,5,06,16,6,0,0,1,1,0,0
"POINT (9.700757845000055 52.391462391000061)",Unfall 222770 (2019) Kat:1, Licht: 0,222770,1,3,5,06,15,6,0,0,1,0,0,0
"POINT (9.662934938000035 52.409778988000028)",Unfall 222771 (2019) Kat:2, Licht: 0,222771,2,4,6,06,13,6,0,0,0,1,1,0
"POINT (9.670446024000057 52.367118258000062)",Unfall 222772 (2019) Kat:2, Licht: 0,222772,2,3,5,06,10,6,0,0,1,1,0,0
"POINT (9.743457593000073 52.379549833000056)",Unfall 222773 (2019) Kat:3, Licht: 0,222773,3,2,5,06,07,6,0,0,1,1,0,0
"POINT (9.727464822000059 52.361181381000051)",Unfall 222801 (2019) Kat:3, Licht: 0,222801,3,3,5,06,08,5,0,0,0,1,0,0
"POINT (9.771870790000037 52.350763726000082)",Unfall 222802 (2019) Kat:3, Licht: 0,222802,3,3,5,06,17,5,0,0,0,1,0,0
"POINT (9.733763082000053 52.384396600000059)",Unfall 222803 (2019) Kat:3, Licht: 0,222803,3,2,5,06,16,5,0,0,1,0,0,0
"POINT (9.795012320000069 52.409135899000034)",Unfall 222804 (2019) Kat:3, Licht: 0,222804,3,6,6,06,07,5,0,0,1,0,1,0
"POINT (9.824222093000060 52.503876683000044)",Unfall 222805 (2019) Kat:2, Licht: 0,222805,2,1,9,06,06,5,0,0,0,1,0,0
"POINT (9.712900335000029 52.384857510000074)",Unfall 222806 (2019) Kat:2, Licht: 0,222806,2,2,5,06,17,5,0,0,1,1,0,0
"POINT (9.752750077000030 52.377358668000056)",Unfall 222839 (2019) Kat:3, Licht: 0,222839,3,4,6,06,13,4,0,0,1,0,1,0
"POINT (9.999864919000061 52.446866835000037)",Unfall 222840 (2019) Kat:3, Licht: 0,222840,3,3,5,06,07,4,0,0,1,1,0,0
"POINT (9.718696372000068 52.373854566000034)",Unfall 222841 (2019) Kat:3, Licht: 0,222841,3,2,5,06,20,4,0,0,1,1,0,0
"POINT (9.742627332000041 52.369864451000069)",Unfall 222842 (2019) Kat:3, Licht: 0,222842,3,7,0,06,16,4,0,0,1,0,0,0
"POINT (9.703159065000023 52.378185039000073)",Unfall 222843 (2019) Kat:3, Licht: 0,222843,3,7,0,06,13,4,0,0,1,0,0,0
"POINT (9.776487531000043 52.403890366000041)",Unfall 222844 (2019) Kat:3, Licht: 0,222844,3,4,6,06,07,4,0,0,0,1,1,0
"POINT (9.728567911000027 52.394601465000051)",Unfall 222845 (2019) Kat:3, Licht: 2,222845,3,7,0,06,00,4,0,2,1,0,0,0
"POINT (9.851147295000033 52.362539447000074)",Unfall 222883 (2019) Kat:3, Licht: 0,222883,3,5,0,06,06,3,0,0,1,1,0,0
"POINT (9.781349740000053 52.410210446000065)",Unfall 222884 (2019) Kat:3, Licht: 2,222884,3,3,0,06,22,3,0,2,1,0,0,0
"POINT (9.464520873000026 52.296592089000058)",Unfall 222885 (2019) Kat:3, Licht: 0,222885,3,7,0,06,16,3,0,0,0,1,1,0
"POINT (9.858270826000023 52.493746238000028)",Unfall 222886 (2019) Kat:3, Licht: 0,222886,3,3,5,06,17,3,0,0,1,1,0,0
"POINT (9.709435043000042 52.341839318000041)",Unfall 222887 (2019) Kat:2, Licht: 0,222887,2,4,6,06,16,3,0,0,0,0,1,0
"POINT (9.753998403000026 52.394607664000034)",Unfall 222888 (2019) Kat:3, Licht: 1,222888,3,1,9,06,04,3,0,1,1,1,0,0
"POINT (9.735230945000069 52.365689319000069)",Unfall 222916 (2019) Kat:3, Licht: 0,222916,3,6,4,06,16,2,0,0,1,0,0,0
"POINT (9.699318488000074 52.375722372000041)",Unfall 222917 (2019) Kat:3, Licht: 0,222917,3,1,0,06,17,2,1,0,1,0,0,0
"POINT (9.809796710000057 52.305032966000056)",Unfall 222918 (2019) Kat:3, Licht: 0,222918,3,4,6,06,19,2,1,0,0,1,1,0
"POINT (9.752326401000062 52.411164007000082)",Unfall 222919 (2019) Kat:3, Licht: 0,222919,3,6,6,06,18,2,1,0,0,1,1,0
"POINT (9.911488709000025 52.367199148000054)",Unfall 222920 (2019) Kat:3, Licht: 0,222920,3,3,5,06,16,2,0,0,0,1,0,1
"POINT (9.737062900000069 52.387426289000075)",Unfall 222921 (2019) Kat:3, Licht: 0,222921,3,5,1,06,11,2,0,0,1,1,0,0
"POINT (9.712820811000029 52.371598931000051)",Unfall 222946 (2019) Kat:3, Licht: 0,222946,3,6,3,06,19,1,0,0,1,0,0,0
"POINT (9.806837407000046 52.312973119000048)",Unfall 222947 (2019) Kat:3, Licht: 0,222947,3,6,0,06,11,1,0,0,1,1,0,0
"POINT (9.729427494000049 52.393090391000044)",Unfall 222948 (2019) Kat:3, Licht: 0,222948,3,3,5,06,14,1,0,0,0,1,0,0
"POINT (9.602423607000048 52.416986096000073)",Unfall 222949 (2019) Kat:3, Licht: 0,222949,3,2,4,06,17,1,0,0,0,1,0,0
"POINT (10.003780282000037 52.447167213000057)",Unfall 222950 (2019) Kat:3, Licht: 0,222950,3,1,0,06,20,1,0,0,1,0,0,0
"POINT (9.709132751000027 52.359975260000056)",Unfall 222951 (2019) Kat:3, Licht: 2,222951,3,6,2,06,22,1,0,2,0,1,0,1
"POINT (9.718692000000033 52.331384678000063)",Unfall 222952 (2019) Kat:3, Licht: 0,222952,3,6,2,06,14,1,0,0,0,1,0,0
"POINT (9.725573779000058 52.397902198000054)",Unfall 222970 (2019) Kat:3, Licht: 0,222970,3,2,4,06,11,7,0,0,0,1,0,0
"POINT (9.805971784000064 52.431912798000042)",Unfall 222971 (2019) Kat:3, Licht: 0,222971,3,6,4,06,09,7,0,0,0,1,0,0
"POINT (9.352120074000027 52.452266152000050)",Unfall 222972 (2019) Kat:3, Licht: 0,222972,3,1,0,06,15,7,0,0,1,0,0,0
"POINT (9.702242821000027 52.438734102000069)",Unfall 222973 (2019) Kat:3, Licht: 0,222973,3,1,8,06,12,7,0,0,0,0,0,1
"POINT (9.759766946000070 52.526954691000071)",Unfall 222974 (2019) Kat:2, Licht: 0,222974,2,1,1,06,13,7,0,0,1,1,0,0
"POINT (9.555708254000024 52.207306659000039)",Unfall 222975 (2019) Kat:2, Licht: 0,222975,2,7,0,06,15,7,0,0,1,0,0,0
"POINT (9.762787421000041 52.413731431000031)",Unfall 222976 (2019) Kat:3, Licht: 0,222976,3,3,5,06,10,7,0,0,1,1,0,0
"POINT (9.656619166000041 52.407491519000075)",Unfall 222994 (2019) Kat:3, Licht: 2,222994,3,2,0,06,00,1,0,2,0,1,0,0
"POINT (9.719785604000037 52.391673041000047)",Unfall 222995 (2019) Kat:3, Licht: 0,222995,3,6,2,06,20,1,0,0,0,1,0,0
"POINT (9.593332309000061 52.446434252000074)",Unfall 222996 (2019) Kat:3, Licht: 2,222996,3,2,4,06,02,1,0,2,0,1,0,0
"POINT (10.203006600000037 52.468445255000063)",Unfall 222997 (2019) Kat:2, Licht: 0,222997,2,3,5,06,09,1,0,0,0,1,0,1
"POINT (9.722760618000052 52.358250569000063)",Unfall 223019 (2019) Kat:3, Licht: 0,223019,3,7,0,06,06,7,0,0,0,0,0,0
"POINT (9.818183628000043 52.392291299000078)",Unfall 223020 (2019) Kat:3, Licht: 0,223020,3,7,4,06,13,7,0,0,0,1,0,0
"POINT (9.758794515000034 52.362226679000059)",Unfall 223021 (2019) Kat:2, Licht: 0,223021,2,7,0,06,16,7,0,0,1,0,0,0
"POINT (9.701964299000053 52.398653492000051)",Unfall 223022 (2019) Kat:3, Licht: 0,223022,3,2,4,06,16,7,0,0,1,1,0,0
"POINT (9.765494640000043 52.375320966000061)",Unfall 223023 (2019) Kat:3, Licht: 2,223023,3,1,9,06,04,7,1,2,0,1,0,0
"POINT (9.710262078000028 52.372491798000055)",Unfall 223024 (2019) Kat:2, Licht: 2,223024,2,7,0,06,02,7,0,2,1,0,0,0
"POINT (9.745235797000021 52.392226362000031)",Unfall 223025 (2019) Kat:3, Licht: 0,223025,3,7,0,06,19,7,0,0,1,0,0,0
"POINT (9.809268481000061 52.308422149000080)",Unfall 223026 (2019) Kat:3, Licht: 0,223026,3,3,5,06,13,7,0,0,0,1,0,0
"POINT (9.821224643000051 52.344001686000070)",Unfall 223056 (2019) Kat:3, Licht: 0,223056,3,3,5,06,06,6,0,0,1,1,0,0
"POINT (9.750274572000024 52.384707565000042)",Unfall 223057 (2019) Kat:3, Licht: 0,223057,3,5,1,06,07,6,0,0,1,1,0,0
"POINT (9.807719685000052 52.413244542000029)",Unfall 223058 (2019) Kat:3, Licht: 0,223058,3,6,2,06,07,6,0,0,1,1,0,0
"POINT (9.614693880000061 52.417959525000072)",Unfall 223083 (2019) Kat:3, Licht: 0,223083,3,2,5,06,10,5,0,0,0,1,0,0
"POINT (9.733733553000036 52.362111311000035)",Unfall 223084 (2019) Kat:3, Licht: 0,223084,3,6,4,06,18,5,0,0,1,0,0,0
"POINT (9.730177016000027 52.368989029000033)",Unfall 223085 (2019) Kat:3, Licht: 0,223085,3,3,5,06,13,5,0,0,1,1,0,0
"POINT (9.703230535000046 52.368455251000057)",Unfall 223086 (2019) Kat:3, Licht: 0,223086,3,6,2,06,07,5,0,0,0,1,0,0
"POINT (9.730341476000035 52.391201742000078)",Unfall 223087 (2019) Kat:3, Licht: 0,223087,3,1,0,06,15,5,0,0,1,0,0,0
"POINT (9.741548601000034 52.380215120000059)",Unfall 223088 (2019) Kat:3, Licht: 0,223088,3,3,0,06,20,5,0,0,1,1,0,0
"POINT (9.731199742000058 52.380241876000071)",Unfall 223089 (2019) Kat:3, Licht: 0,223089,3,5,1,06,14,5,0,0,1,1,0,0
"POINT (9.468966731000023 52.426471337000066)",Unfall 223090 (2019) Kat:3, Licht: 0,223090,3,2,4,06,18,5,0,0,0,1,0,0
"POINT (9.595834051000054 52.420984892000035)",Unfall 223091 (2019) Kat:3, Licht: 0,223091,3,3,5,06,08,5,0,0,0,1,0,0
"POINT (9.983001735000073 52.383881391000045)",Unfall 223092 (2019) Kat:2, Licht: 0,223092,2,7,0,06,15,5,0,0,1,0,0,0
"POINT (9.723954491000029 52.437365013000033)",Unfall 223093 (2019) Kat:3, Licht: 0,223093,3,5,1,06,14,5,0,0,0,1,0,0
"POINT (9.715295259000072 52.458555976000071)",Unfall 223094 (2019) Kat:3, Licht: 0,223094,3,6,2,06,15,5,0,0,0,1,0,0
"POINT (9.754188460000023 52.410236347000080)",Unfall 223095 (2019) Kat:3, Licht: 0,223095,3,2,5,06,18,5,0,0,1,1,0,0
"POINT (9.741596153000046 52.383918942000037)",Unfall 223096 (2019) Kat:3, Licht: 2,223096,3,3,5,06,22,5,0,2,1,1,0,0
"POINT (9.696935684000039 52.412812466000048)",Unfall 223097 (2019) Kat:3, Licht: 0,223097,3,6,2,06,15,5,0,0,0,1,0,0
"POINT (9.724900645000048 52.387681095000062)",Unfall 223098 (2019) Kat:3, Licht: 0,223098,3,2,5,06,09,5,0,0,1,1,0,0
"POINT (9.692472109000050 52.398320133000027)",Unfall 223139 (2019) Kat:3, Licht: 1,223139,3,6,4,06,05,4,1,1,0,1,0,0
"POINT (9.713388197000029 52.371413404000066)",Unfall 223140 (2019) Kat:3, Licht: 0,223140,3,7,0,06,15,4,1,0,1,0,0,0
"POINT (9.753904984000030 52.386246760000063)",Unfall 223141 (2019) Kat:3, Licht: 0,223141,3,2,4,06,19,4,1,0,1,1,0,0
"POINT (9.762844194000024 52.376025410000068)",Unfall 223142 (2019) Kat:3, Licht: 0,223142,3,7,0,06,16,4,1,0,0,1,0,0
"POINT (9.740998783000066 52.398843924000062)",Unfall 223143 (2019) Kat:3, Licht: 0,223143,3,3,5,06,14,4,1,0,1,1,0,0
"POINT (9.765581613000052 52.375336720000064)",Unfall 223144 (2019) Kat:3, Licht: 0,223144,3,2,2,06,13,4,1,0,0,1,0,0
"POINT (9.802035121000074 52.482252364000033)",Unfall 223145 (2019) Kat:3, Licht: 0,223145,3,1,0,06,19,4,0,0,1,0,0,0
"POINT (9.819400038000026 52.429329599000027)",Unfall 223146 (2019) Kat:3, Licht: 0,223146,3,2,5,06,18,4,1,0,1,1,0,0
"POINT (9.746354870000062 52.354199890000075)",Unfall 223147 (2019) Kat:3, Licht: 0,223147,3,6,2,06,14,4,1,0,0,1,0,0
"POINT (9.780472876000033 52.361535445000072)",Unfall 223148 (2019) Kat:3, Licht: 0,223148,3,1,8,06,12,4,1,0,0,1,0,0
"POINT (9.749053879000030 52.377795534000029)",Unfall 223149 (2019) Kat:3, Licht: 0,223149,3,3,5,06,08,4,0,0,1,1,0,0
"POINT (9.703764853000052 52.399571922000064)",Unfall 223170 (2019) Kat:3, Licht: 0,223170,3,3,5,06,15,3,0,0,1,1,0,0
"POINT (9.730560179000065 52.374861107000072)",Unfall 223171 (2019) Kat:3, Licht: 0,223171,3,6,2,06,16,3,0,0,0,1,0,0
"POINT (9.741824742000063 52.373160322000047)",Unfall 223172 (2019) Kat:3, Licht: 0,223172,3,1,0,06,10,3,0,0,0,0,0,1
"POINT (9.427672828000027 52.427224013000057)",Unfall 223173 (2019) Kat:3, Licht: 0,223173,3,2,4,06,07,3,1,0,1,1,0,0
"POINT (9.640848013000039 52.313337910000030)",Unfall 223174 (2019) Kat:3, Licht: 0,223174,3,7,1,06,16,3,0,0,0,1,1,0
"POINT (9.718625408000037 52.374052786000050)",Unfall 223175 (2019) Kat:3, Licht: 0,223175,3,3,5,06,20,3,0,0,1,1,0,0
"POINT (9.738096809000069 52.381834531000038)",Unfall 223196 (2019) Kat:3, Licht: 0,223196,3,2,4,06,14,2,0,0,1,1,0,0
"POINT (10.001368048000074 52.444470678000073)",Unfall 223197 (2019) Kat:3, Licht: 0,223197,3,1,0,06,11,2,0,0,1,0,0,0
"POINT (9.669942003000074 52.353741254000056)",Unfall 223216 (2019) Kat:3, Licht: 0,223216,3,7,0,06,17,1,0,0,0,0,0,1
"POINT (9.784987821000073 52.372655011000063)",Unfall 223230 (2019) Kat:2, Licht: 0,223230,2,3,0,06,07,7,0,0,1,1,0,0
"POINT (9.707371141000067 52.380631846000028)",Unfall 223231 (2019) Kat:3, Licht: 0,223231,3,7,0,06,14,7,0,0,1,0,0,0
"POINT (9.743403266000030 52.379363208000029)",Unfall 223232 (2019) Kat:3, Licht: 1,223232,3,2,4,06,21,7,0,1,0,1,0,0
"POINT (9.742311701000062 52.376048372000071)",Unfall 223233 (2019) Kat:3, Licht: 0,223233,3,2,5,06,12,7,0,0,1,1,0,0
"POINT (9.738264741000023 52.374576462000050)",Unfall 223234 (2019) Kat:3, Licht: 0,223234,3,1,6,06,20,7,0,0,1,0,1,0
"POINT (9.679945229000055 52.395181794000052)",Unfall 223235 (2019) Kat:2, Licht: 0,223235,2,1,9,06,18,7,0,0,0,0,0,0
"POINT (9.707605458000046 52.376543203000040)",Unfall 223238 (2019) Kat:3, Licht: 0,223238,3,5,3,06,14,2,0,0,1,1,0,0
"POINT (9.811949114000072 52.301671265000039)",Unfall 223239 (2019) Kat:3, Licht: 0,223239,3,1,0,06,14,2,0,0,1,0,0,0