WKT,Name,OBJECTID,UKATEGORIE,UTYP1,UART,UMONAT,USTUNDE,UWOCHENTAG,STRZUSTAND,ULICHTVERH,ISTRAD,ISTPKW,ISTFUSS,ISTKRAD
"POINT (9.597462515000075 52.419392681000033)",Unfall 227858 (2019) Kat:3, Licht: 0,227858,3,3,5,11,16,5,0,0,0,1,0,0
"POINT (9.733146910000073 52.382562826000026)",Unfall 227859 (2019) Kat:2, Licht: 2,227859,2,3,5,11,20,5,0,2,1,1,0,0
"POINT (9.729488045000039 52.346542445000068)",Unfall 227860 (2019) Kat:2, Licht: 0,227860,2,3,5,11,14,5,0,0,1,0,0,0
"POINT (9.740762957000072 52.398699381000029)",Unfall 227861 (2019) Kat:2, Licht: 0,227861,2,3,5,11,10,5,0,0,1,1,0,0
"POINT (9.841201200000057 52.341252893000046)",Unfall 227882 (2019) Kat:3, Licht: 0,227882,3,3,5,11,08,4,1,0,0,1,0,0
"POINT (9.759176897000032 52.361545395000064)",Unfall 227883 (2019) Kat:3, Licht: 0,227883,3,3,5,11,09,4,0,0,1,1,0,0
"POINT (9.805735937000065 52.318269391000058)",Unfall 227907 (2019) Kat:3, Licht: 2,227907,3,6,3,11,18,3,0,2,0,1,0,0
"POINT (9.750520948000030 52.375288941000065)",Unfall 227908 (2019) Kat:3, Licht: 0,227908,3,2,5,11,07,3,0,0,1,1,0,0
"POINT (9.806587368000066 52.336336053000082)",Unfall 227909 (2019) Kat:3, Licht: 2,227909,3,6,2,11,17,3,0,2,0,1,0,0
"POINT (9.766289129000029 52.381778948000033)",Unfall 227910 (2019) Kat:3, Licht: 0,227910,3,6,2,11,13,3,0,0,0,1,0,1
"POINT (9.732189440000070 52.369699641000068)",Unfall 227911 (2019) Kat:3, Licht: 0,227911,3,3,0,11,12,3,0,0,1,0,0,0
"POINT (9.714360638000073 52.342254109000066)",Unfall 227912 (2019) Kat:2, Licht: 0,227912,2,2,5,11,09,3,0,0,0,1,0,0
"POINT (9.680734916000063 52.416100674000063)",Unfall 227936 (2019) Kat:3, Licht: 0,227936,3,3,5,11,07,2,1,0,0,1,0,0
"POINT (9.689004836000038 52.345846358000074)",Unfall 227937 (2019) Kat:3, Licht: 2,227937,3,3,5,11,17,2,0,2,1,1,0,0
"POINT (9.714709410000069 52.365338684000051)",Unfall 227938 (2019) Kat:3, Licht: 0,227938,3,7,2,11,09,2,0,0,1,1,0,0
"POINT (9.755951697000057 52.360529263000046)",Unfall 227939 (2019) Kat:3, Licht: 0,227939,3,2,4,11,07,2,1,0,1,1,0,0
"POINT (9.733256371000039 52.417789219000042)",Unfall 227940 (2019) Kat:3, Licht: 0,227940,3,3,5,11,16,2,0,0,1,1,0,0
"POINT (9.781057440000041 52.400118261000046)",Unfall 227984 (2019) Kat:3, Licht: 0,227984,3,6,3,11,11,5,1,0,0,1,0,0
"POINT (9.746494440000049 52.373326390000045)",Unfall 227985 (2019) Kat:3, Licht: 0,227985,3,7,0,11,08,5,1,0,1,1,0,0
"POINT (9.462240729000030 52.305006625000033)",Unfall 227986 (2019) Kat:3, Licht: 2,227986,3,1,0,11,16,5,1,2,0,0,0,1
"POINT (9.796038666000072 52.311554338000064)",Unfall 227987 (2019) Kat:3, Licht: 2,227987,3,2,5,11,17,5,0,2,0,1,0,0
"POINT (9.757818170000064 52.411308354000028)",Unfall 227988 (2019) Kat:3, Licht: 0,227988,3,7,0,11,14,5,1,0,0,1,0,0
"POINT (9.741697861000034 52.380253719000052)",Unfall 227989 (2019) Kat:3, Licht: 0,227989,3,3,5,11,07,5,0,0,1,1,0,0
"POINT (9.722169568000027 52.359213453000052)",Unfall 228021 (2019) Kat:3, Licht: 2,228021,3,3,5,11,21,4,0,2,0,1,0,0
"POINT (9.750867992000053 52.375871549000067)",Unfall 228022 (2019) Kat:3, Licht: 0,228022,3,1,0,11,15,4,1,0,1,0,0,0
"POINT (9.553507412000045 52.212036333000071)",Unfall 228023 (2019) Kat:3, Licht: 2,228023,3,2,5,11,17,4,1,2,1,1,0,0
"POINT (9.589662301000033 52.418860461000065)",Unfall 228024 (2019) Kat:3, Licht: 0,228024,3,2,5,11,16,4,0,0,1,1,0,0
"POINT (9.883969684000022 52.437877486000048)",Unfall 228025 (2019) Kat:3, Licht: 2,228025,3,4,6,11,17,4,1,2,0,1,1,0
"POINT (9.729095989000030 52.393705271000044)",Unfall 228026 (2019) Kat:3, Licht: 0,228026,3,4,6,11,15,4,0,0,0,1,1,0
"POINT (9.751867949000030 52.370840540000074)",Unfall 228046 (2019) Kat:3, Licht: 1,228046,3,6,2,11,15,3,0,1,0,1,0,0
"POINT (9.741457063000041 52.378290498000069)",Unfall 228047 (2019) Kat:3, Licht: 0,228047,3,6,4,11,13,3,0,0,1,0,0,0
"POINT (9.444030065000050 52.424005427000054)",Unfall 228048 (2019) Kat:3, Licht: 0,228048,3,3,5,11,13,3,0,0,1,1,0,0
"POINT (9.742752930000052 52.376391120000051)",Unfall 228049 (2019) Kat:3, Licht: 2,228049,3,7,0,11,17,3,0,2,0,0,1,0
"POINT (9.443707242000073 52.424008001000061)",Unfall 228050 (2019) Kat:2, Licht: 0,228050,2,3,5,11,13,3,0,0,1,1,0,0
"POINT (9.721047050000038 52.375985498000034)",Unfall 228069 (2019) Kat:3, Licht: 0,228069,3,4,0,11,07,2,0,0,1,0,1,0
"POINT (9.855912899000032 52.363307891000034)",Unfall 228070 (2019) Kat:3, Licht: 0,228070,3,3,5,11,13,2,1,0,1,1,0,0
"POINT (9.548622116000047 52.215612626000052)",Unfall 228071 (2019) Kat:3, Licht: 2,228071,3,2,5,11,05,2,1,2,1,1,0,0
"POINT (10.025719716000026 52.444756043000041)",Unfall 228072 (2019) Kat:3, Licht: 0,228072,3,3,5,11,15,2,0,0,0,1,0,0
"POINT (9.794272305000050 52.414226935000045)",Unfall 228073 (2019) Kat:3, Licht: 0,228073,3,3,5,11,10,2,0,0,1,0,0,0
"POINT (9.717195518000040 52.344979987000045)",Unfall 228074 (2019) Kat:3, Licht: 0,228074,3,3,5,11,08,2,0,0,1,1,0,0
"POINT (9.855541202000040 52.361340877000032)",Unfall 228085 (2019) Kat:3, Licht: 2,228085,3,5,1,11,17,1,0,2,1,1,0,0
"POINT (9.673762625000052 52.365311426000062)",Unfall 228098 (2019) Kat:3, Licht: 0,228098,3,3,0,11,14,7,0,0,0,1,0,0
"POINT (9.475762629000030 52.303708678000078)",Unfall 228099 (2019) Kat:3, Licht: 0,228099,3,3,5,11,14,7,0,0,0,1,0,0
"POINT (9.985086997000053 52.369445219000056)",Unfall 228100 (2019) Kat:3, Licht: 1,228100,3,7,0,11,16,7,0,1,1,0,0,0
"POINT (9.778868784000053 52.361956603000067)",Unfall 228101 (2019) Kat:3, Licht: 0,228101,3,6,4,11,11,7,0,0,0,1,0,0
"POINT (9.829050675000076 52.399503044000028)",Unfall 228133 (2019) Kat:3, Licht: 0,228133,3,3,6,11,08,6,0,0,0,1,1,0
"POINT (9.724169067000048 52.379733357000077)",Unfall 228134 (2019) Kat:3, Licht: 2,228134,3,3,5,11,19,6,0,2,1,1,0,0
"POINT (9.737711269000045 52.382127125000068)",Unfall 228135 (2019) Kat:3, Licht: 0,228135,3,6,2,11,12,6,0,0,0,1,0,0
"POINT (9.558246105000023 52.210051650000082)",Unfall 228136 (2019) Kat:3, Licht: 0,228136,3,2,6,11,12,6,0,0,0,1,1,0
"POINT (9.606011050000063 52.315499372000033)",Unfall 228137 (2019) Kat:3, Licht: 2,228137,3,3,5,11,16,6,0,2,1,1,0,0
"POINT (9.737592323000058 52.450411233000068)",Unfall 228138 (2019) Kat:3, Licht: 0,228138,3,3,5,11,07,6,0,0,1,1,0,0
"POINT (9.790183093000053 52.410368770000048)",Unfall 228139 (2019) Kat:3, Licht: 2,228139,3,2,4,11,17,6,0,2,1,1,0,0
"POINT (9.760610223000072 52.395871207000027)",Unfall 228167 (2019) Kat:3, Licht: 0,228167,3,3,5,11,15,5,1,0,1,1,0,0
"POINT (9.428943695000044 52.421287369000027)",Unfall 228168 (2019) Kat:3, Licht: 0,228168,3,7,0,11,15,5,0,0,0,0,1,0
"POINT (9.796835316000056 52.372733980000078)",Unfall 228169 (2019) Kat:3, Licht: 2,228169,3,7,0,11,17,5,1,2,1,0,0,0
"POINT (9.756223445000046 52.390620508000040)",Unfall 228170 (2019) Kat:3, Licht: 0,228170,3,3,5,11,12,5,1,0,0,1,0,0
"POINT (9.724412368000060 52.358465917000046)",Unfall 228202 (2019) Kat:3, Licht: 0,228202,3,6,2,11,08,4,0,0,0,1,0,0
"POINT (9.744717549000029 52.384954730000061)",Unfall 228203 (2019) Kat:3, Licht: 2,228203,3,5,1,11,21,4,0,2,1,1,0,0
"POINT (9.742031651000048 52.397739028000046)",Unfall 228204 (2019) Kat:3, Licht: 2,228204,3,5,1,11,19,4,0,2,0,1,0,0
"POINT (9.433947190000026 52.499140319000048)",Unfall 228205 (2019) Kat:3, Licht: 0,228205,3,5,1,11,12,4,0,0,1,1,0,0
"POINT (9.721636202000070 52.376491048000048)",Unfall 228206 (2019) Kat:3, Licht: 2,228206,3,1,9,11,18,4,0,2,1,0,0,0
"POINT (9.752068598000051 52.410442229000068)",Unfall 228207 (2019) Kat:3, Licht: 1,228207,3,3,5,11,16,4,0,1,0,1,0,0
"POINT (9.653645554000036 52.411965818000056)",Unfall 228208 (2019) Kat:3, Licht: 0,228208,3,3,5,11,10,4,0,0,0,1,0,0
"POINT (9.756813025000042 52.356676938000078)",Unfall 228227 (2019) Kat:3, Licht: 2,228227,3,3,5,12,19,2,1,2,0,1,0,0
"POINT (9.748626450000074 52.377645320000056)",Unfall 228228 (2019) Kat:3, Licht: 2,228228,3,2,5,12,19,2,1,2,1,1,0,0
"POINT (9.775546219000034 52.403836574000081)",Unfall 228229 (2019) Kat:3, Licht: 2,228229,3,4,6,12,18,2,1,2,1,0,1,0
"POINT (9.674346001000060 52.365363702000082)",Unfall 228230 (2019) Kat:3, Licht: 2,228230,3,6,2,12,18,2,1,2,0,1,0,0
"POINT (9.735492758000021 52.376746064000031)",Unfall 228258 (2019) Kat:3, Licht: 2,228258,3,1,1,12,18,7,1,2,0,1,0,0
"POINT (9.765639853000039 52.417873284000052)",Unfall 228259 (2019) Kat:3, Licht: 2,228259,3,7,6,12,18,7,1,2,0,1,1,0
"POINT (9.747293637000041 52.385473423000064)",Unfall 228282 (2019) Kat:3, Licht: 0,228282,3,4,6,12,14,6,1,0,1,0,1,0
"POINT (9.970716822000043 52.375220905000049)",Unfall 228283 (2019) Kat:3, Licht: 2,228283,3,4,6,12,22,6,1,2,0,1,1,0
"POINT (9.805415839000034 52.307131046000052)",Unfall 228284 (2019) Kat:3, Licht: 2,228284,3,2,6,12,17,6,1,2,0,1,1,0
"POINT (9.714209696000069 52.413431497000033)",Unfall 228285 (2019) Kat:3, Licht: 0,228285,3,5,0,12,12,6,1,0,1,1,0,0
"POINT (9.733617664000065 52.375595550000071)",Unfall 228286 (2019) Kat:2, Licht: 0,228286,2,2,6,12,09,6,1,0,0,1,1,0
"POINT (9.670441983000046 52.367118923000078)",Unfall 228322 (2019) Kat:3, Licht: 1,228322,3,3,5,12,16,5,0,1,1,1,0,0
"POINT (9.730012892000048 52.376806954000074)",Unfall 228323 (2019) Kat:3, Licht: 2,228323,3,5,1,12,18,5,0,2,1,1,0,0
"POINT (10.078095419000022 52.484679864000043)",Unfall 228324 (2019) Kat:3, Licht: 0,228324,3,5,1,12,10,5,2,0,0,1,0,0
"POINT (9.695596481000052 52.408838437000043)",Unfall 228325 (2019) Kat:2, Licht: 2,228325,2,2,5,12,17,5,0,2,1,1,0,0
"POINT (9.663912948000075 52.378019233000032)",Unfall 228354 (2019) Kat:3, Licht: 0,228354,3,2,5,12,11,4,0,0,1,1,0,0
"POINT (9.754307752000045 52.355440389000080)",Unfall 228355 (2019) Kat:3, Licht: 0,228355,3,6,0,12,15,4,0,0,0,1,0,0
"POINT (9.794785268000055 52.372224796000069)",Unfall 228356 (2019) Kat:2, Licht: 0,228356,2,7,0,12,11,4,0,0,1,1,0,0
"POINT (9.769790038000053 52.394747607000056)",Unfall 228357 (2019) Kat:3, Licht: 2,228357,3,3,5,12,07,4,0,2,1,1,0,0
"POINT (9.722569700000065 52.397539333000054)",Unfall 228358 (2019) Kat:2, Licht: 0,228358,2,4,6,12,07,4,0,0,0,1,1,0
"POINT (9.775401149000061 52.345010652000042)",Unfall 228385 (2019) Kat:3, Licht: 0,228385,3,3,5,12,12,3,0,0,0,1,0,0
"POINT (9.429544150000027 52.420844415000033)",Unfall 228386 (2019) Kat:3, Licht: 0,228386,3,3,5,12,13,3,0,0,0,1,0,0
"POINT (9.731493845000045 52.403143208000074)",Unfall 228387 (2019) Kat:3, Licht: 1,228387,3,7,5,12,16,3,0,1,1,1,0,0
"POINT (9.741006777000052 52.448672965000071)",Unfall 228388 (2019) Kat:3, Licht: 0,228388,3,7,0,12,09,3,1,0,0,0,0,1
"POINT (9.720270194000023 52.362031933000026)",Unfall 228413 (2019) Kat:3, Licht: 2,228413,3,7,7,12,18,2,1,2,1,0,1,0
"POINT (9.782293965000065 52.345345061000046)",Unfall 228414 (2019) Kat:3, Licht: 0,228414,3,6,2,12,08,2,0,0,0,1,0,0
"POINT (9.722149364000075 52.388949837000041)",Unfall 228415 (2019) Kat:3, Licht: 2,228415,3,2,6,12,18,2,1,2,0,1,1,0
"POINT (9.596761508000043 52.386309487000062)",Unfall 228416 (2019) Kat:3, Licht: 0,228416,3,3,5,12,14,2,1,0,1,1,0,0
"POINT (9.737521806000075 52.443920053000056)",Unfall 228435 (2019) Kat:3, Licht: 2,228435,3,3,5,12,20,1,0,2,0,1,0,0
"POINT (9.667956925000055 52.367058678000035)",Unfall 228457 (2019) Kat:3, Licht: 0,228457,3,1,9,11,15,7,0,0,0,0,0,0
"POINT (9.747984728000063 52.410345658000040)",Unfall 228458 (2019) Kat:2, Licht: 2,228458,2,6,6,11,18,7,0,2,1,0,1,0
"POINT (9.785128529000076 52.401124219000053)",Unfall 228459 (2019) Kat:3, Licht: 2,228459,3,1,9,11,17,7,0,2,0,1,0,0
"POINT (9.743967705000046 52.390459352000050)",Unfall 228460 (2019) Kat:3, Licht: 2,228460,3,3,5,11,02,7,0,2,0,1,0,0
"POINT (9.615671526000028 52.418632077000041)",Unfall 228487 (2019) Kat:3, Licht: 2,228487,3,6,2,11,19,6,1,2,0,1,0,0
"POINT (9.703302248000057 52.329808844000070)",Unfall 228488 (2019) Kat:3, Licht: 0,228488,3,5,1,11,16,6,1,0,1,1,0,0
"POINT (9.724213837000036 52.372850466000045)",Unfall 228489 (2019) Kat:3, Licht: 2,228489,3,7,0,11,18,6,0,2,0,0,0,0
"POINT (9.622734657000024 52.431465653000032)",Unfall 228490 (2019) Kat:3, Licht: 2,228490,3,1,8,11,19,6,1,2,0,1,0,0
"POINT (9.751229958000067 52.372341216000052)",Unfall 228491 (2019) Kat:3, Licht: 0,228491,3,2,5,11,15,6,0,0,1,1,0,0
"POINT (9.710883447000072 52.359374218000028)",Unfall 228492 (2019) Kat:3, Licht: 0,228492,3,2,5,11,14,6,0,0,0,1,0,0
"POINT (9.705060515000071 52.407339202000060)",Unfall 228493 (2019) Kat:3, Licht: 0,228493,3,3,5,11,13,6,0,0,0,1,0,0
"POINT (9.758166251000034 52.358470692000026)",Unfall 228494 (2019) Kat:2, Licht: 0,228494,2,7,0,11,10,6,0,0,1,0,0,0
"POINT (9.780791079000039 52.361405705000038)",Unfall 228495 (2019) Kat:3, Licht: 0,228495,3,6,2,11,09,6,0,0,0,1,0,0
"POINT (9.767764574000069 52.358121356000026)",Unfall 228502 (2019) Kat:3, Licht: 2,228502,3,2,2,12,16,4,0,2,1,1,0,0
"POINT (9.729767232000029 52.398353525000061)",Unfall 228506 (2019) Kat:3, Licht: 0,228506,3,3,5,12,13,4,0,0,1,1,0,0
"POINT (9.712618806000023 52.392404492000026)",Unfall 228507 (2019) Kat:3, Licht: 0,228507,3,5,3,12,13,4,0,0,0,1,0,0
"POINT (9.669041682000056 52.441198259000032)",Unfall 228508 (2019) Kat:3, Licht: 1,228508,3,6,2,12,07,4,1,1,0,1,0,0
"POINT (9.801097146000075 52.305223350000063)",Unfall 228509 (2019) Kat:2, Licht: 2,228509,2,2,5,12,17,4,0,2,0,1,0,1
"POINT (9.741293938000069 52.411358021000069)",Unfall 228510 (2019) Kat:3, Licht: 0,228510,3,3,5,12,11,4,0,0,1,1,0,0
"POINT (9.753726567000058 52.355383448000055)",Unfall 228511 (2019) Kat:3, Licht: 2,228511,3,7,0,12,07,4,1,2,0,0,0,0
"POINT (9.731967771000029 52.405435025000031)",Unfall 228537 (2019) Kat:3, Licht: 0,228537,3,3,5,12,16,3,2,0,0,1,0,0
"POINT (9.763270325000065 52.402257534000057)",Unfall 228538 (2019) Kat:3, Licht: 1,228538,3,6,2,12,07,3,0,1,0,1,0,0
"POINT (9.764022840000052 52.381157311000038)",Unfall 228539 (2019) Kat:3, Licht: 2,228539,3,6,2,12,17,3,0,2,0,1,0,0
"POINT (9.734501225000031 52.375400557000034)",Unfall 228540 (2019) Kat:3, Licht: 0,228540,3,6,6,12,13,3,0,0,1,0,1,0
"POINT (9.606860469000026 52.434088491000068)",Unfall 228541 (2019) Kat:3, Licht: 0,228541,3,3,5,12,09,3,0,0,1,1,0,0
"POINT (9.595448323000028 52.427279411000029)",Unfall 228542 (2019) Kat:3, Licht: 2,228542,3,3,5,12,17,3,0,2,0,1,0,0
"POINT (9.733830628000021 52.586215206000077)",Unfall 228543 (2019) Kat:3, Licht: 0,228543,3,7,0,12,11,3,0,0,1,0,0,0
"POINT (10.025884001000065 52.445829866000054)",Unfall 228544 (2019) Kat:3, Licht: 2,228544,3,5,2,12,19,3,0,2,0,1,0,0
"POINT (9.629702393000059 52.339444734000040)",Unfall 228545 (2019) Kat:2, Licht: 0,228545,2,7,0,12,10,3,0,0,1,0,0,0
"POINT (9.760790984000039 52.418599532000030)",Unfall 228546 (2019) Kat:3, Licht: 0,228546,3,4,6,12,15,3,0,0,0,1,1,0
"POINT (9.808951274000037 52.332180764000043)",Unfall 228547 (2019) Kat:3, Licht: 0,228547,3,6,3,12,12,3,0,0,0,1,0,0
"POINT (9.724243178000052 52.339064428000029)",Unfall 228577 (2019) Kat:3, Licht: 0,228577,3,5,0,12,08,2,0,0,1,1,0,0
"POINT (9.733958234000056 52.367180504000032)",Unfall 228578 (2019) Kat:3, Licht: 0,228578,3,1,0,12,11,2,1,0,1,0,0,0
"POINT (9.749803727000028 52.378035343000079)",Unfall 228579 (2019) Kat:3, Licht: 2,228579,3,3,5,12,17,2,0,2,0,1,0,0
"POINT (9.912113729000055 52.295391486000028)",Unfall 228580 (2019) Kat:2, Licht: 1,228580,2,7,0,12,16,2,0,1,1,0,1,0
"POINT (9.857966943000065 52.491831039000033)",Unfall 228581 (2019) Kat:3, Licht: 0,228581,3,7,6,12,09,2,0,0,0,1,1,0
"POINT (9.739692972000057 52.380994641000029)",Unfall 228591 (2019) Kat:3, Licht: 2,228591,3,7,2,12,04,1,0,2,0,1,0,0
"POINT (9.653381285000023 52.412448009000059)",Unfall 228609 (2019) Kat:3, Licht: 0,228609,3,6,2,12,12,7,1,0,0,1,0,0
"POINT (9.589388413000052 52.418965289000027)",Unfall 228610 (2019) Kat:3, Licht: 2,228610,3,4,6,12,21,7,1,2,0,0,1,0
"POINT (9.819091614000058 52.390575334000062)",Unfall 228611 (2019) Kat:3, Licht: 2,228611,3,3,5,12,20,7,1,2,1,1,0,0
"POINT (9.737736434000055 52.372483081000041)",Unfall 228612 (2019) Kat:3, Licht: 2,228612,3,4,6,12,01,7,1,2,0,1,1,0
"POINT (9.731842920000076 52.398584478000032)",Unfall 228632 (2019) Kat:3, Licht: 1,228632,3,4,6,12,07,6,1,1,1,0,1,0
"POINT (9.557577324000022 52.212281810000036)",Unfall 228633 (2019) Kat:3, Licht: 1,228633,3,3,5,12,07,6,0,1,0,1,0,0
"POINT (10.019581177000020 52.379647114000079)",Unfall 228634 (2019) Kat:3, Licht: 0,228634,3,3,5,12,12,6,1,0,0,1,0,0
"POINT (9.833771609000053 52.387380227000051)",Unfall 228635 (2019) Kat:3, Licht: 2,228635,3,2,5,12,16,6,0,2,1,1,0,0
"POINT (9.741329090000022 52.360180311000079)",Unfall 228636 (2019) Kat:3, Licht: 0,228636,3,5,5,12,13,6,0,0,0,1,0,0
"POINT (9.752296739000030 52.355071435000070)",Unfall 228637 (2019) Kat:3, Licht: 1,228637,3,4,6,12,07,6,0,1,0,1,1,0
"POINT (9.740049200000044 52.361906324000074)",Unfall 228670 (2019) Kat:3, Licht: 2,228670,3,4,6,12,20,5,1,2,0,1,1,0
"POINT (9.806710660000022 52.389136772000029)",Unfall 228671 (2019) Kat:3, Licht: 1,228671,3,6,3,12,16,5,1,1,0,1,0,0
"POINT (9.743392423000046 52.369152943000074)",Unfall 228672 (2019) Kat:3, Licht: 0,228672,3,2,5,12,13,5,0,0,0,1,0,0
"POINT (9.832626048000066 52.346621998000046)",Unfall 228697 (2019) Kat:3, Licht: 2,228697,3,5,1,12,18,4,1,2,1,1,0,0
"POINT (9.775275879000049 52.338897237000026)",Unfall 228698 (2019) Kat:3, Licht: 0,228698,3,2,5,12,09,4,1,0,1,1,0,0
"POINT (9.795021941000073 52.411703710000040)",Unfall 228699 (2019) Kat:3, Licht: 2,228699,3,6,2,12,18,4,1,2,0,1,0,0
"POINT (9.606594024000060 52.392177374000028)",Unfall 228700 (2019) Kat:3, Licht: 2,228700,3,2,6,12,17,4,1,2,0,1,1,0
"POINT (9.586402609000061 52.393234136000046)",Unfall 228701 (2019) Kat:3, Licht: 0,228701,3,4,6,12,15,4,1,0,0,1,1,0
"POINT (9.859035048000067 52.487545105000038)",Unfall 228702 (2019) Kat:3, Licht: 0,228702,3,2,5,12,11,4,1,0,1,1,0,0
"POINT (10.021486393000032 52.436932078000041)",Unfall 228703 (2019) Kat:3, Licht: 1,228703,3,6,2,12,07,4,1,1,0,1,0,0
"POINT (9.742047086000071 52.384118623000063)",Unfall 228704 (2019) Kat:3, Licht: 2,228704,3,4,6,12,21,4,1,2,0,1,1,0
"POINT (9.712784553000063 52.360851651000075)",Unfall 228705 (2019) Kat:2, Licht: 2,228705,2,4,6,12,19,4,1,2,0,1,1,0
"POINT (9.653271313000062 52.412678816000039)",Unfall 228706 (2019) Kat:3, Licht: 1,228706,3,4,6,12,17,4,1,1,0,1,1,0
"POINT (9.728310787000055 52.358977849000041)",Unfall 228707 (2019) Kat:2, Licht: 0,228707,2,3,5,12,13,4,1,0,1,1,0,0
"POINT (9.737757855000041 52.382091660000071)",Unfall 228708 (2019) Kat:3, Licht: 0,228708,3,6,2,12,11,4,1,0,0,1,0,0
"POINT (9.775625458000036 52.363505051000061)",Unfall 228709 (2019) Kat:3, Licht: 0,228709,3,6,2,12,09,4,1,0,0,1,0,0
"POINT (9.438823804000037 52.424045233000072)",Unfall 228743 (2019) Kat:3, Licht: 0,228743,3,2,5,12,09,3,0,0,1,1,0,0
"POINT (9.440568512000027 52.512844825000059)",Unfall 228744 (2019) Kat:3, Licht: 0,228744,3,7,0,12,08,3,2,0,1,0,0,0
"POINT (9.946508267000070 52.336173879000057)",Unfall 228745 (2019) Kat:3, Licht: 0,228745,3,3,5,12,12,3,1,0,1,1,0,0
"POINT (10.006876505000037 52.446448238000073)",Unfall 228746 (2019) Kat:3, Licht: 0,228746,3,6,2,12,14,3,0,0,0,1,0,0
"POINT (9.727839235000033 52.372771086000057)",Unfall 228747 (2019) Kat:3, Licht: 2,228747,3,1,0,12,07,3,1,2,1,0,0,0
"POINT (9.714613044000032 52.367201377000072)",Unfall 228780 (2019) Kat:3, Licht: 2,228780,3,4,0,01,19,6,0,2,0,1,1,0
"POINT (9.719676431000039 52.367505815000072)",Unfall 228781 (2019) Kat:3, Licht: 0,228781,3,7,0,01,10,6,1,0,1,0,0,0
"POINT (9.730689287000075 52.391297177000069)",Unfall 228782 (2019) Kat:3, Licht: 2,228782,3,3,5,01,22,6,1,2,0,1,0,0
"POINT (9.809335979000025 52.398023169000055)",Unfall 228783 (2019) Kat:2, Licht: 0,228783,2,4,6,01,13,6,1,0,0,1,1,0
"POINT (9.653996132000032 52.410951610000041)",Unfall 228784 (2019) Kat:3, Licht: 0,228784,3,3,5,01,10,6,1,0,0,1,0,0
"POINT (9.966959072000066 52.311218483000061)",Unfall 228798 (2019) Kat:3, Licht: 0,228798,3,3,5,01,14,5,0,0,1,1,0,0
"POINT (9.754758350000031 52.434906862000048)",Unfall 228799 (2019) Kat:3, Licht: 2,228799,3,2,5,01,17,5,0,2,1,1,0,0
"POINT (9.790005152000049 52.410296405000054)",Unfall 228800 (2019) Kat:3, Licht: 2,228800,3,2,5,01,17,5,0,2,0,1,0,0
"POINT (9.771080570000038 52.397318840000082)",Unfall 228801 (2019) Kat:2, Licht: 1,228801,2,4,6,01,16,5,0,1,0,1,1,0
"POINT (9.748766757000055 52.396816299000079)",Unfall 228802 (2019) Kat:3, Licht: 0,228802,3,3,5,01,15,5,0,0,1,1,0,0
"POINT (9.449375127000053 52.504896748000078)",Unfall 228819 (2019) Kat:3, Licht: 0,228819,3,4,6,01,10,4,0,0,0,1,1,0
"POINT (9.789840847000050 52.410268325000061)",Unfall 228827 (2019) Kat:3, Licht: 2,228827,3,7,0,01,19,3,1,2,1,0,0,0
"POINT (9.693374823000056 52.329460234000067)",Unfall 228840 (2019) Kat:3, Licht: 0,228840,3,6,3,12,12,3,0,0,1,1,0,0
"POINT (9.615743220000070 52.412044648000062)",Unfall 228841 (2019) Kat:3, Licht: 0,228841,3,7,0,12,09,3,1,0,1,0,0,0
"POINT (9.692091604000041 52.336762946000079)",Unfall 228842 (2019) Kat:3, Licht: 0,228842,3,5,2,12,12,3,0,0,0,1,0,1
"POINT (9.787835959000063 52.397533060000058)",Unfall 228843 (2019) Kat:3, Licht: 2,228843,3,4,6,12,04,3,0,2,0,1,1,0
"POINT (9.551042346000031 52.217147951000072)",Unfall 228854 (2019) Kat:3, Licht: 1,228854,3,2,4,12,16,2,0,1,0,1,0,0
"POINT (9.596034262000046 52.425647877000074)",Unfall 228855 (2019) Kat:3, Licht: 1,228855,3,3,5,12,16,2,0,1,0,1,0,1
"POINT (9.722562944000060 52.351747994000050)",Unfall 228856 (2019) Kat:3, Licht: 2,228856,3,4,6,12,19,2,0,2,0,1,1,0
"POINT (9.757933597000033 52.336990085000082)",Unfall 228863 (2019) Kat:3, Licht: 0,228863,3,2,5,12,11,1,1,0,0,1,0,0
"POINT (9.771825841000066 52.338776500000051)",Unfall 228864 (2019) Kat:2, Licht: 0,228864,2,2,5,12,15,1,0,0,1,1,0,0
"POINT (9.786190883000074 52.344518966000066)",Unfall 228876 (2019) Kat:3, Licht: 0,228876,3,7,8,12,13,7,1,0,1,0,0,0
"POINT (9.755049374000066 52.374976855000057)",Unfall 228877 (2019) Kat:3, Licht: 2,228877,3,5,1,12,00,7,0,2,1,1,0,0
"POINT (9.859532945000069 52.368081689000064)",Unfall 228878 (2019) Kat:3, Licht: 2,228878,3,7,9,12,19,7,0,2,1,0,0,0