WKT,Name,OBJECTID,UKATEGORIE,UTYP1,UART,UMONAT,USTUNDE,UWOCHENTAG,STRZUSTAND,ULICHTVERH,ISTRAD,ISTPKW,ISTFUSS,ISTKRAD
"POINT (9.722007147000056 52.378050705000078)",Unfall 228893 (2019) Kat:3, Licht: 0,228893,3,5,0,12,11,6,0,0,1,1,0,0
"POINT (9.702792020000061 52.369335954000064)",Unfall 228905 (2019) Kat:3, Licht: 0,228905,3,3,5,12,14,4,1,0,0,1,0,0
"POINT (9.878467463000050 52.512222309000038)",Unfall 228906 (2019) Kat:3, Licht: 0,228906,3,7,0,12,14,4,0,0,0,0,0,0
"POINT (9.747387076000052 52.394763293000040)",Unfall 228907 (2019) Kat:3, Licht: 2,228907,3,1,0,12,21,4,1,2,1,0,0,0
"POINT (9.702053864000050 52.334230968000043)",Unfall 228916 (2019) Kat:3, Licht: 0,228916,3,7,0,12,12,3,1,0,1,0,0,0
"POINT (9.748922818000040 52.384487327000045)",Unfall 228917 (2019) Kat:3, Licht: 0,228917,3,5,1,12,13,3,1,0,1,1,0,0
"POINT (9.743681419000041 52.377135427000042)",Unfall 228918 (2019) Kat:3, Licht: 0,228918,3,2,4,12,11,3,0,0,0,1,0,0
"POINT (9.806074424000030 52.298341329000039)",Unfall 228919 (2019) Kat:3, Licht: 2,228919,3,2,5,12,23,3,1,2,0,1,0,0
"POINT (9.838854564000030 52.422737237000035)",Unfall 228935 (2019) Kat:3, Licht: 2,228935,3,1,0,12,17,2,1,2,1,0,0,0
"POINT (9.734747564000031 52.380178575000059)",Unfall 228946 (2019) Kat:3, Licht: 2,228946,3,6,2,12,18,1,0,2,0,1,0,0
"POINT (9.736884319000069 52.404613721000032)",Unfall 228947 (2019) Kat:2, Licht: 2,228947,2,3,5,12,16,1,0,2,0,1,0,1
"POINT (9.795698584000036 52.321542178000072)",Unfall 228948 (2019) Kat:3, Licht: 0,228948,3,3,5,12,14,1,0,0,0,1,0,0
"POINT (9.674895256000070 52.400600666000059)",Unfall 228962 (2019) Kat:3, Licht: 1,228962,3,6,6,12,16,7,0,1,0,1,1,0
"POINT (9.693555456000070 52.365252722000037)",Unfall 228963 (2019) Kat:3, Licht: 0,228963,3,2,5,12,14,7,0,0,1,1,0,0
"POINT (9.719774267000048 52.366112199000042)",Unfall 228964 (2019) Kat:3, Licht: 0,228964,3,4,6,12,11,7,0,0,0,1,1,0
"POINT (9.791500871000039 52.412382295000043)",Unfall 228965 (2019) Kat:3, Licht: 0,228965,3,2,5,12,11,7,0,0,0,1,0,0
"POINT (9.753422770000043 52.382202742000061)",Unfall 228966 (2019) Kat:3, Licht: 0,228966,3,3,0,12,08,7,0,0,0,1,0,0
"POINT (10.013360455000054 52.443761786000039)",Unfall 228967 (2019) Kat:3, Licht: 0,228967,3,3,0,12,16,7,0,0,1,1,0,0
"POINT (9.740374443000064 52.377467710000076)",Unfall 228968 (2019) Kat:3, Licht: 0,228968,3,4,6,12,14,7,0,0,1,0,1,0
"POINT (9.675436240000067 52.363278758000035)",Unfall 228969 (2019) Kat:2, Licht: 0,228969,2,7,6,12,13,7,0,0,0,1,1,0
"POINT (9.760618065000074 52.395878823000032)",Unfall 228970 (2019) Kat:3, Licht: 2,228970,3,1,9,12,02,7,1,2,0,1,0,0
"POINT (9.707371665000039 52.359685166000077)",Unfall 228999 (2019) Kat:3, Licht: 0,228999,3,3,5,12,13,6,0,0,0,1,0,0
"POINT (9.752486800000042 52.359619526000074)",Unfall 229000 (2019) Kat:3, Licht: 0,229000,3,3,5,12,09,6,0,0,1,0,0,0
"POINT (9.655992675000050 52.311492567000073)",Unfall 229001 (2019) Kat:3, Licht: 2,229001,3,3,5,12,17,6,1,2,1,1,0,0
"POINT (9.597819143000038 52.417645783000069)",Unfall 229002 (2019) Kat:3, Licht: 2,229002,3,2,5,12,19,6,1,2,1,1,0,0
"POINT (9.676013293000040 52.374467706000075)",Unfall 229022 (2019) Kat:3, Licht: 2,229022,3,6,4,12,18,5,0,2,0,1,0,0
"POINT (9.761130293000065 52.363483959000064)",Unfall 229023 (2019) Kat:3, Licht: 0,229023,3,3,5,12,15,5,1,0,0,1,0,0
"POINT (9.745004544000040 52.357663262000074)",Unfall 229024 (2019) Kat:3, Licht: 0,229024,3,6,2,12,11,5,0,0,0,1,0,0
"POINT (9.771781291000025 52.342960254000047)",Unfall 229025 (2019) Kat:3, Licht: 0,229025,3,6,2,12,15,5,0,0,0,1,0,0
"POINT (9.731525771000065 52.406405718000030)",Unfall 229026 (2019) Kat:3, Licht: 2,229026,3,6,1,12,17,5,0,2,0,1,0,1
"POINT (9.780113482000047 52.399755935000030)",Unfall 229027 (2019) Kat:3, Licht: 0,229027,3,3,5,12,09,5,1,0,0,1,0,0
"POINT (9.597737565000045 52.315638762000049)",Unfall 229028 (2019) Kat:3, Licht: 2,229028,3,7,1,12,22,5,0,2,0,1,0,0
"POINT (9.445816794000052 52.504583861000071)",Unfall 229029 (2019) Kat:3, Licht: 1,229029,3,3,5,12,18,5,0,1,0,1,0,0
"POINT (9.743495352000025 52.451460415000042)",Unfall 229030 (2019) Kat:3, Licht: 0,229030,3,3,5,12,13,5,0,0,1,1,0,0
"POINT (9.809078427000031 52.332190392000030)",Unfall 229031 (2019) Kat:3, Licht: 2,229031,3,7,0,12,18,5,0,2,0,1,0,0
"POINT (9.760379073000024 52.337200962000054)",Unfall 229032 (2019) Kat:2, Licht: 0,229032,2,3,5,12,14,5,0,0,1,1,0,0
"POINT (9.694420796000031 52.352773311000078)",Unfall 229033 (2019) Kat:3, Licht: 0,229033,3,7,0,12,11,5,0,0,1,0,0,0
"POINT (9.591078811000045 52.442471140000066)",Unfall 229061 (2019) Kat:3, Licht: 1,229061,3,2,2,01,08,2,0,1,0,1,0,0
"POINT (9.677302245000021 52.395947370000044)",Unfall 229076 (2019) Kat:3, Licht: 2,229076,3,3,5,01,20,1,1,2,1,1,0,0
"POINT (9.571798122000075 52.455739859000062)",Unfall 229088 (2019) Kat:3, Licht: 2,229088,3,7,6,01,03,7,0,2,0,1,1,0
"POINT (9.678698752000059 52.431487569000069)",Unfall 229089 (2019) Kat:2, Licht: 0,229089,2,7,0,01,13,7,0,0,1,0,0,0
"POINT (9.701054671000065 52.366355883000040)",Unfall 229090 (2019) Kat:3, Licht: 0,229090,3,3,5,01,10,7,1,0,1,1,0,0
"POINT (9.706916773000046 52.371624348000068)",Unfall 229113 (2019) Kat:3, Licht: 2,229113,3,2,0,01,22,6,0,2,1,0,0,0
"POINT (9.716073428000073 52.362328716000036)",Unfall 229114 (2019) Kat:3, Licht: 0,229114,3,2,2,01,11,6,1,0,0,1,0,0
"POINT (9.803252750000070 52.378717841000082)",Unfall 229115 (2019) Kat:3, Licht: 0,229115,3,7,0,01,09,6,1,0,1,1,0,0
"POINT (9.807829332000040 52.331977825000081)",Unfall 229116 (2019) Kat:3, Licht: 0,229116,3,1,4,01,13,6,1,0,0,1,0,0
"POINT (9.721383199000059 52.379244995000079)",Unfall 229117 (2019) Kat:3, Licht: 0,229117,3,3,5,01,13,6,1,0,1,1,0,0
"POINT (9.913231993000068 52.514391629000045)",Unfall 229118 (2019) Kat:3, Licht: 0,229118,3,3,5,01,14,6,1,0,0,1,0,0
"POINT (9.838827797000022 52.422618335000038)",Unfall 229119 (2019) Kat:3, Licht: 0,229119,3,6,2,01,13,6,1,0,0,1,0,0
"POINT (9.762411709000048 52.342426238000030)",Unfall 229120 (2019) Kat:3, Licht: 2,229120,3,2,2,01,21,6,1,2,0,1,0,0
"POINT (9.790055755000026 52.410325216000047)",Unfall 229121 (2019) Kat:3, Licht: 0,229121,3,3,5,01,12,6,1,0,0,1,0,0
"POINT (9.737060990000032 52.381419490000042)",Unfall 229122 (2019) Kat:3, Licht: 1,229122,3,1,0,01,07,6,1,1,1,0,0,0
"POINT (9.810073660000057 52.386509344000046)",Unfall 229146 (2019) Kat:3, Licht: 0,229146,3,3,5,01,14,5,0,0,0,1,0,0
"POINT (9.734257558000024 52.377341447000049)",Unfall 229147 (2019) Kat:3, Licht: 0,229147,3,7,0,01,08,5,0,0,1,0,1,0
"POINT (9.598139034000042 52.312769407000076)",Unfall 229148 (2019) Kat:3, Licht: 2,229148,3,1,1,01,17,5,0,2,1,1,0,0
"POINT (9.716114812000058 52.380634096000051)",Unfall 229149 (2019) Kat:3, Licht: 0,229149,3,5,0,01,10,5,0,0,1,1,0,0
"POINT (9.695848391000027 52.439507599000081)",Unfall 229172 (2019) Kat:3, Licht: 2,229172,3,2,2,01,18,4,0,2,0,1,0,0
"POINT (9.724916649000022 52.425592651000045)",Unfall 229173 (2019) Kat:3, Licht: 0,229173,3,4,6,01,14,4,0,0,0,1,1,0
"POINT (9.748581149000074 52.373498416000075)",Unfall 229203 (2019) Kat:3, Licht: 2,229203,3,5,0,01,17,3,1,2,1,1,0,0
"POINT (9.469538883000041 52.305995893000045)",Unfall 229204 (2019) Kat:3, Licht: 2,229204,3,1,7,01,18,3,1,2,0,0,0,1
"POINT (9.732028044000060 52.440690091000079)",Unfall 229205 (2019) Kat:3, Licht: 0,229205,3,4,6,01,10,3,1,0,0,0,1,0
"POINT (9.595569316000024 52.430647683000075)",Unfall 229206 (2019) Kat:2, Licht: 2,229206,2,4,6,01,17,3,1,2,0,1,1,0
"POINT (9.706506672000046 52.367166487000077)",Unfall 229207 (2019) Kat:2, Licht: 2,229207,2,6,3,01,17,3,1,2,1,1,0,0
"POINT (9.614619459000039 52.417910294000080)",Unfall 229246 (2019) Kat:3, Licht: 0,229246,3,6,2,01,11,2,1,0,0,1,0,0
"POINT (9.798577321000039 52.392136948000029)",Unfall 229247 (2019) Kat:3, Licht: 1,229247,3,2,5,01,18,2,1,1,1,1,0,0
"POINT (9.718272421000052 52.397959309000044)",Unfall 229248 (2019) Kat:3, Licht: 0,229248,3,3,5,01,14,2,1,0,1,1,0,0
"POINT (9.731046663000029 52.324224897000079)",Unfall 229249 (2019) Kat:3, Licht: 2,229249,3,1,0,01,19,2,1,2,0,0,0,1
"POINT (9.587654365000049 52.416865211000072)",Unfall 229250 (2019) Kat:3, Licht: 0,229250,3,2,3,01,09,2,1,0,1,1,0,0
"POINT (9.710939249000035 52.342041823000045)",Unfall 229251 (2019) Kat:3, Licht: 2,229251,3,4,6,01,16,2,1,2,0,1,1,0
"POINT (9.725244051000061 52.397812465000072)",Unfall 229252 (2019) Kat:2, Licht: 1,229252,2,6,2,01,16,2,1,1,0,1,0,0
"POINT (9.698976163000054 52.368635563000055)",Unfall 229253 (2019) Kat:3, Licht: 1,229253,3,6,8,01,07,2,1,1,0,1,0,0
"POINT (9.470081131000029 52.305963398000074)",Unfall 229272 (2019) Kat:3, Licht: 2,229272,3,2,6,01,17,1,1,2,0,1,1,0
"POINT (9.743387869000060 52.389681669000026)",Unfall 229288 (2019) Kat:3, Licht: 0,229288,3,7,0,01,15,2,1,0,1,0,0,0
"POINT (9.683370074000038 52.393831905000070)",Unfall 229290 (2019) Kat:3, Licht: 0,229290,3,4,6,01,09,7,1,0,0,1,1,0
"POINT (9.717725722000068 52.369937781000033)",Unfall 229291 (2019) Kat:3, Licht: 2,229291,3,7,0,01,03,7,1,2,1,0,0,0
"POINT (9.609234266000044 52.437940551000054)",Unfall 229305 (2019) Kat:3, Licht: 2,229305,3,4,6,01,17,2,0,2,0,1,1,0
"POINT (9.707926354000051 52.403965455000048)",Unfall 229310 (2019) Kat:3, Licht: 0,229310,3,2,2,01,11,2,0,0,0,1,0,0
"POINT (9.727497226000025 52.377733557000056)",Unfall 229316 (2019) Kat:3, Licht: 0,229316,3,2,5,01,14,5,0,0,1,0,0,1
"POINT (9.818489127000021 52.391833811000026)",Unfall 229317 (2019) Kat:3, Licht: 1,229317,3,2,5,01,08,5,0,1,1,0,0,0
"POINT (9.767149901000039 52.343665876000046)",Unfall 229331 (2019) Kat:3, Licht: 1,229331,3,2,5,01,08,4,0,1,1,1,0,0
"POINT (9.735665582000024 52.399329055000067)",Unfall 229332 (2019) Kat:3, Licht: 1,229332,3,4,6,01,06,4,0,1,0,1,1,0
"POINT (9.780825146000041 52.399945183000057)",Unfall 229333 (2019) Kat:3, Licht: 2,229333,3,2,2,01,18,4,0,2,0,1,0,0
"POINT (9.742739467000035 52.379475218000039)",Unfall 229334 (2019) Kat:3, Licht: 2,229334,3,6,2,01,07,4,0,2,0,1,0,0
"POINT (9.595708344000059 52.427270316000033)",Unfall 229335 (2019) Kat:3, Licht: 2,229335,3,6,2,01,16,4,0,2,0,1,0,0
"POINT (9.725085250000063 52.451713322000046)",Unfall 229336 (2019) Kat:3, Licht: 0,229336,3,6,6,01,14,4,0,0,0,1,1,0
"POINT (9.680637717000025 52.394461443000068)",Unfall 229337 (2019) Kat:1, Licht: 0,229337,1,1,0,01,12,4,0,0,1,0,0,0
"POINT (9.695617707000054 52.408833878000053)",Unfall 229358 (2019) Kat:3, Licht: 0,229358,3,2,2,01,10,3,0,0,0,1,0,0
"POINT (9.693266524000023 52.367558398000028)",Unfall 229359 (2019) Kat:3, Licht: 0,229359,3,2,5,01,11,3,0,0,1,0,0,0
"POINT (9.781792436000046 52.424851394000029)",Unfall 229360 (2019) Kat:3, Licht: 0,229360,3,7,0,01,14,3,0,0,0,0,0,0
"POINT (9.736055733000057 52.416275218000067)",Unfall 229361 (2019) Kat:3, Licht: 0,229361,3,3,5,01,08,3,0,0,0,1,0,0
"POINT (9.821562858000050 52.302357521000033)",Unfall 229390 (2019) Kat:3, Licht: 0,229390,3,3,5,01,09,2,2,0,1,1,0,0
"POINT (9.861676951000050 52.368581424000070)",Unfall 229391 (2019) Kat:3, Licht: 0,229391,3,6,2,01,09,2,0,0,0,1,0,0
"POINT (9.753292338000051 52.390213232000065)",Unfall 229392 (2019) Kat:3, Licht: 2,229392,3,2,4,01,18,2,1,2,0,1,0,0
"POINT (9.426668751000022 52.425178615000050)",Unfall 229393 (2019) Kat:3, Licht: 0,229393,3,7,6,01,16,2,0,0,0,1,1,0
"POINT (9.558849275000057 52.400539348000052)",Unfall 229394 (2019) Kat:3, Licht: 0,229394,3,6,2,01,08,2,1,0,1,1,0,0
"POINT (9.961847664000061 52.389611844000058)",Unfall 229408 (2019) Kat:3, Licht: 0,229408,3,3,5,01,14,1,1,0,0,1,0,0
"POINT (9.780968919000031 52.400179162000029)",Unfall 229423 (2019) Kat:3, Licht: 0,229423,3,2,4,01,14,7,0,0,1,1,0,0
"POINT (9.743107185000042 52.379178077000063)",Unfall 229424 (2019) Kat:3, Licht: 2,229424,3,2,2,01,17,7,0,2,1,1,0,0
"POINT (10.009104768000043 52.444923317000075)",Unfall 229425 (2019) Kat:3, Licht: 2,229425,3,2,5,01,19,7,0,2,1,1,0,0
"POINT (9.710905443000058 52.359330256000078)",Unfall 229452 (2019) Kat:3, Licht: 0,229452,3,3,5,01,13,6,0,0,1,1,0,0
"POINT (9.694314125000062 52.338949912000032)",Unfall 229453 (2019) Kat:3, Licht: 0,229453,3,3,5,01,11,6,1,0,0,1,0,0
"POINT (9.743626009000025 52.369032430000061)",Unfall 229454 (2019) Kat:3, Licht: 2,229454,3,6,2,01,17,6,0,2,0,1,0,0
"POINT (9.729695739000022 52.355514907000043)",Unfall 229455 (2019) Kat:3, Licht: 0,229455,3,3,5,01,10,6,1,0,1,0,0,0
"POINT (9.808722753000041 52.379560752000032)",Unfall 229456 (2019) Kat:3, Licht: 0,229456,3,4,6,01,11,6,0,0,0,0,1,0
"POINT (9.755887784000038 52.355780367000079)",Unfall 229457 (2019) Kat:3, Licht: 0,229457,3,2,2,01,12,6,1,0,1,1,0,0
"POINT (9.782430187000045 52.340505835000044)",Unfall 229458 (2019) Kat:3, Licht: 0,229458,3,7,0,01,16,6,0,0,1,0,0,0
"POINT (9.840726867000058 52.413231759000041)",Unfall 229459 (2019) Kat:3, Licht: 0,229459,3,1,0,01,14,6,2,0,1,0,0,0
"POINT (9.731392523000068 52.375062433000039)",Unfall 229460 (2019) Kat:3, Licht: 0,229460,3,2,5,01,12,6,1,0,1,1,0,0
"POINT (9.490849214000036 52.307864715000051)",Unfall 229461 (2019) Kat:3, Licht: 0,229461,3,3,5,01,14,6,1,0,0,1,0,0
"POINT (9.573097125000061 52.440015488000029)",Unfall 229462 (2019) Kat:3, Licht: 2,229462,3,4,6,01,18,6,1,2,0,1,1,0
"POINT (9.707685367000067 52.442863185000078)",Unfall 229463 (2019) Kat:3, Licht: 0,229463,3,2,2,01,10,6,2,0,0,1,0,0
"POINT (9.738145866000025 52.453323223000041)",Unfall 229464 (2019) Kat:3, Licht: 1,229464,3,6,4,01,08,6,2,1,1,0,0,0
"POINT (9.748902532000045 52.396786500000076)",Unfall 229465 (2019) Kat:2, Licht: 0,229465,2,7,0,01,09,6,2,0,1,0,0,0
"POINT (9.761355403000039 52.342166342000041)",Unfall 229499 (2019) Kat:3, Licht: 0,229499,3,6,3,01,13,5,0,0,0,1,0,0
"POINT (9.728214361000028 52.374114252000027)",Unfall 229500 (2019) Kat:3, Licht: 2,229500,3,2,5,01,17,5,1,2,0,1,0,0
"POINT (9.798005698000054 52.392268352000031)",Unfall 229501 (2019) Kat:3, Licht: 2,229501,3,2,6,01,18,5,1,2,0,1,1,0
"POINT (9.778365682000072 52.330945367000027)",Unfall 229502 (2019) Kat:3, Licht: 1,229502,3,2,6,01,07,5,1,1,0,1,1,0
"POINT (9.859075383000061 52.487532064000050)",Unfall 229534 (2019) Kat:2, Licht: 1,229534,2,2,6,01,16,4,0,1,0,1,1,0
"POINT (9.683862745000056 52.411548012000026)",Unfall 229535 (2019) Kat:3, Licht: 0,229535,3,3,5,01,10,4,0,0,1,1,0,0
"POINT (9.731222565000053 52.378719529000080)",Unfall 229563 (2019) Kat:3, Licht: 2,229563,3,7,1,01,19,3,1,2,0,1,0,0
"POINT (9.961829574000035 52.389584000000070)",Unfall 229564 (2019) Kat:3, Licht: 1,229564,3,3,5,01,07,3,1,1,0,1,0,0
"POINT (9.727643819000036 52.368354187000079)",Unfall 229608 (2019) Kat:3, Licht: 0,229608,3,7,0,02,16,2,0,0,1,1,0,0
"POINT (9.767480907000049 52.399075609000079)",Unfall 229609 (2019) Kat:3, Licht: 0,229609,3,4,6,02,09,2,2,0,1,1,1,0
"POINT (9.744417702000021 52.395174098000041)",Unfall 229611 (2019) Kat:3, Licht: 0,229611,3,2,0,02,11,2,0,0,0,1,0,0
"POINT (9.828558459000021 52.421818314000063)",Unfall 229612 (2019) Kat:3, Licht: 0,229612,3,1,0,02,08,2,2,0,0,0,0,1
"POINT (9.804545234000045 52.330621716000053)",Unfall 229635 (2019) Kat:3, Licht: 0,229635,3,6,2,02,11,1,0,0,0,1,0,0
"POINT (9.766200316000038 52.381926057000044)",Unfall 229636 (2019) Kat:3, Licht: 2,229636,3,2,5,02,18,1,1,2,1,1,0,0
"POINT (9.702647685000045 52.373989394000034)",Unfall 229648 (2019) Kat:3, Licht: 2,229648,3,3,5,02,22,7,1,2,0,1,0,1
"POINT (9.730459283000073 52.391245958000070)",Unfall 229649 (2019) Kat:3, Licht: 2,229649,3,2,6,02,21,7,1,2,0,1,1,0
"POINT (9.718441770000027 52.381026219000034)",Unfall 229650 (2019) Kat:3, Licht: 2,229650,3,6,2,02,17,7,1,2,0,1,0,0
"POINT (9.703030258000069 52.373026401000061)",Unfall 229668 (2019) Kat:3, Licht: 2,229668,3,3,5,02,20,6,1,2,1,1,0,0
"POINT (9.752720648000036 52.394762262000029)",Unfall 229669 (2019) Kat:3, Licht: 2,229669,3,1,0,02,18,6,2,2,1,0,0,0
"POINT (10.026433672000053 52.442235917000062)",Unfall 229670 (2019) Kat:2, Licht: 0,229670,2,4,6,02,16,6,0,0,0,1,1,0
"POINT (9.701638459000037 52.375222668000049)",Unfall 229671 (2019) Kat:2, Licht: 0,229671,2,7,0,02,15,6,0,0,1,0,0,0
"POINT (9.781636637000077 52.415606322000031)",Unfall 229672 (2019) Kat:3, Licht: 2,229672,3,3,5,02,06,6,0,2,0,1,0,0
"POINT (9.743199341000036 52.475656137000044)",Unfall 229689 (2019) Kat:3, Licht: 0,229689,3,3,5,01,12,5,0,0,0,0,0,0
"POINT (9.824935891000052 52.360619962000044)",Unfall 229709 (2019) Kat:3, Licht: 0,229709,3,6,2,01,11,4,0,0,0,1,0,0
"POINT (9.716373199000032 52.388617512000053)",Unfall 229711 (2019) Kat:3, Licht: 0,229711,3,3,5,01,10,4,0,0,1,1,0,0
"POINT (9.806681569000034 52.416721054000050)",Unfall 229712 (2019) Kat:3, Licht: 0,229712,3,3,0,01,11,4,0,0,1,0,0,0
"POINT (10.010189036000043 52.515495530000067)",Unfall 229713 (2019) Kat:3, Licht: 0,229713,3,3,5,01,09,4,1,0,1,1,0,0
"POINT (9.755220339000061 52.358402201000047)",Unfall 229714 (2019) Kat:3, Licht: 0,229714,3,3,5,01,12,4,0,0,1,1,0,0
"POINT (9.752396256000054 52.432514968000078)",Unfall 229733 (2019) Kat:3, Licht: 1,229733,3,5,1,01,07,3,0,1,1,1,0,0
"POINT (9.771721068000034 52.417412883000054)",Unfall 229734 (2019) Kat:3, Licht: 2,229734,3,6,2,01,19,3,1,2,0,1,0,0
"POINT (9.668174933000046 52.415387945000077)",Unfall 229735 (2019) Kat:3, Licht: 0,229735,3,3,5,01,12,3,0,0,1,1,0,0
"POINT (9.720884098000056 52.373274339000034)",Unfall 229736 (2019) Kat:3, Licht: 0,229736,3,3,0,01,11,3,1,0,1,0,0,1
"POINT (9.667376704000048 52.373124760000053)",Unfall 229764 (2019) Kat:3, Licht: 1,229764,3,3,5,01,17,2,1,1,1,1,0,0
"POINT (9.710815863000050 52.373174350000056)",Unfall 229765 (2019) Kat:3, Licht: 0,229765,3,2,3,01,12,2,1,0,1,1,0,0
"POINT (9.552381456000035 52.214414446000035)",Unfall 229766 (2019) Kat:3, Licht: 2,229766,3,3,5,01,18,2,2,2,0,1,0,1
"POINT (9.740340351000043 52.448021029000074)",Unfall 229767 (2019) Kat:3, Licht: 0,229767,3,2,2,01,15,2,1,0,0,1,0,0
"POINT (10.026437782000073 52.442227010000067)",Unfall 229768 (2019) Kat:2, Licht: 2,229768,2,4,6,01,17,2,1,2,0,1,1,0
"POINT (9.779743990000043 52.414190603000065)",Unfall 229769 (2019) Kat:3, Licht: 2,229769,3,4,6,01,19,2,1,2,1,0,1,0
"POINT (9.754199441000026 52.395428418000051)",Unfall 229770 (2019) Kat:2, Licht: 2,229770,2,2,6,01,19,2,1,2,0,1,1,0
"POINT (9.703218466000067 52.406714209000029)",Unfall 229771 (2019) Kat:3, Licht: 2,229771,3,2,5,01,17,2,1,2,1,1,0,0
"POINT (9.458043926000073 52.503849702000082)",Unfall 229784 (2019) Kat:3, Licht: 2,229784,3,7,6,01,05,1,1,2,0,1,1,0
"POINT (9.743735737000066 52.357100884000033)",Unfall 229801 (2019) Kat:3, Licht: 2,229801,3,2,5,01,07,7,1,2,0,1,0,0
"POINT (9.965560401000062 52.310487880000039)",Unfall 229802 (2019) Kat:2, Licht: 0,229802,2,1,0,01,08,7,2,0,1,0,0,0
"POINT (9.646246348000034 52.401916613000026)",Unfall 229824 (2019) Kat:3, Licht: 2,229824,3,3,5,01,06,6,0,2,1,1,0,0
"POINT (9.745114733000037 52.547475317000078)",Unfall 229825 (2019) Kat:3, Licht: 0,229825,3,4,6,01,11,6,0,0,0,1,1,0
"POINT (9.784667838000075 52.353420091000032)",Unfall 229835 (2019) Kat:3, Licht: 0,229835,3,6,0,02,13,7,0,0,1,0,1,0
"POINT (9.713855662000071 52.383928419000028)",Unfall 229836 (2019) Kat:3, Licht: 2,229836,3,1,8,02,18,7,0,2,0,1,0,0
"POINT (9.733238617000040 52.442756711000072)",Unfall 229837 (2019) Kat:3, Licht: 0,229837,3,2,4,02,11,7,0,0,1,1,0,0
"POINT (9.762108501000057 52.482473083000059)",Unfall 229838 (2019) Kat:2, Licht: 2,229838,2,6,6,02,18,7,0,2,0,1,1,0
"POINT (9.697813954000026 52.396511449000059)",Unfall 229840 (2019) Kat:2, Licht: 0,229840,2,2,5,02,14,7,0,0,0,1,0,0
"POINT (9.689599558000055 52.349180377000039)",Unfall 229873 (2019) Kat:3, Licht: 0,229873,3,6,2,02,12,6,0,0,0,1,0,0
"POINT (9.727917128000058 52.361360924000053)",Unfall 229874 (2019) Kat:3, Licht: 2,229874,3,4,6,02,18,6,0,2,0,1,1,0
"POINT (9.732715837000058 52.379250361000061)",Unfall 229875 (2019) Kat:3, Licht: 0,229875,3,6,2,02,15,6,0,0,0,1,0,0
"POINT (9.465041001000031 52.308372137000049)",Unfall 229876 (2019) Kat:3, Licht: 2,229876,3,3,5,02,19,6,0,2,1,1,0,0
"POINT (9.617332358000056 52.443250503000058)",Unfall 229877 (2019) Kat:3, Licht: 0,229877,3,3,5,02,11,6,0,0,1,1,0,0
"POINT (9.763271918000044 52.402108381000062)",Unfall 229878 (2019) Kat:3, Licht: 2,229878,3,3,5,02,19,6,0,2,0,1,0,1
"POINT (9.758082889000036 52.396124384000075)",Unfall 229879 (2019) Kat:3, Licht: 1,229879,3,2,5,02,18,6,0,1,1,1,0,0
"POINT (9.820831473000055 52.388318575000028)",Unfall 229880 (2019) Kat:3, Licht: 0,229880,3,1,2,02,15,6,0,0,0,1,0,1
"POINT (9.758542386000045 52.359556521000059)",Unfall 229881 (2019) Kat:3, Licht: 0,229881,3,2,5,02,12,6,0,0,1,1,0,0
"POINT (9.761920174000068 52.371159447000082)",Unfall 229882 (2019) Kat:3, Licht: 0,229882,3,6,3,02,07,6,0,0,1,1,0,0
"POINT (9.744998601000077 52.357670924000047)",Unfall 229905 (2019) Kat:3, Licht: 0,229905,3,3,5,02,10,1,0,0,1,1,0,0
"POINT (9.732424573000060 52.441565927000056)",Unfall 229913 (2019) Kat:3, Licht: 2,229913,3,7,0,02,18,5,0,2,1,0,0,0
"POINT (9.617408233000049 52.443274815000052)",Unfall 229914 (2019) Kat:2, Licht: 2,229914,2,2,5,02,18,5,0,2,0,1,0,1
"POINT (9.726363730000060 52.388415917000032)",Unfall 229915 (2019) Kat:3, Licht: 0,229915,3,2,5,02,15,5,0,0,1,1,0,0
"POINT (9.699943573000041 52.375592827000048)",Unfall 229934 (2019) Kat:3, Licht: 0,229934,3,6,3,02,09,4,1,0,0,1,0,0
"POINT (9.818345157000067 52.427835168000058)",Unfall 229935 (2019) Kat:3, Licht: 0,229935,3,6,4,02,14,4,0,0,0,1,0,0
"POINT (9.768909325000038 52.377949112000067)",Unfall 229936 (2019) Kat:3, Licht: 2,229936,3,3,5,02,18,4,0,2,1,1,0,0
"POINT (9.539047314000072 52.208475462000081)",Unfall 229937 (2019) Kat:3, Licht: 0,229937,3,5,1,02,10,4,1,0,0,1,0,0
"POINT (9.593961884000066 52.421016216000055)",Unfall 229938 (2019) Kat:3, Licht: 0,229938,3,3,5,02,15,4,0,0,0,1,0,0
"POINT (9.760028458000022 52.393801433000078)",Unfall 229939 (2019) Kat:3, Licht: 0,229939,3,2,5,02,16,4,0,0,0,1,0,0
"POINT (9.973751567000022 52.375865373000067)",Unfall 229940 (2019) Kat:3, Licht: 1,229940,3,7,0,02,07,4,0,1,1,0,0,0