WKT,Name,OBJECTID,UKATEGORIE,UTYP1,UART,UMONAT,USTUNDE,UWOCHENTAG,STRZUSTAND,ULICHTVERH,ISTRAD,ISTPKW,ISTFUSS,ISTKRAD
"POINT (9.720252115000051 52.391541907000033)",Unfall 231978 (2019) Kat:3, Licht: 0,231978,3,1,0,04,13,5,0,0,1,0,0,0
"POINT (9.710975873000052 52.392003623000051)",Unfall 231979 (2019) Kat:3, Licht: 0,231979,3,3,5,04,13,5,0,0,1,1,0,0
"POINT (9.771920506000072 52.417313553000042)",Unfall 231980 (2019) Kat:3, Licht: 1,231980,3,3,5,04,05,5,0,1,1,1,0,0
"POINT (9.739477493000038 52.380837465000070)",Unfall 231981 (2019) Kat:3, Licht: 0,231981,3,2,5,04,10,5,0,0,1,1,0,0
"POINT (9.743569121000064 52.377782785000079)",Unfall 231982 (2019) Kat:3, Licht: 0,231982,3,5,1,04,16,5,0,0,0,1,0,0
"POINT (9.668793672000049 52.338633910000055)",Unfall 231983 (2019) Kat:3, Licht: 2,231983,3,7,6,04,22,5,0,2,0,1,1,0
"POINT (10.202696999000068 52.463996075000068)",Unfall 231984 (2019) Kat:3, Licht: 0,231984,3,3,5,04,10,5,0,0,0,1,0,1
"POINT (9.707051454000066 52.373590881000041)",Unfall 231985 (2019) Kat:2, Licht: 0,231985,2,2,5,04,18,5,0,0,1,0,0,0
"POINT (9.736730299000044 52.412511928000072)",Unfall 231986 (2019) Kat:3, Licht: 0,231986,3,3,5,04,15,5,0,0,0,1,0,1
"POINT (9.961816755000029 52.389564270000051)",Unfall 231987 (2019) Kat:3, Licht: 0,231987,3,3,5,04,10,5,0,0,0,1,0,0
"POINT (9.788685351000027 52.331184921000045)",Unfall 231988 (2019) Kat:3, Licht: 0,231988,3,2,6,04,08,5,0,0,0,1,1,0
"POINT (9.735977270000035 52.370930486000077)",Unfall 231994 (2019) Kat:3, Licht: 0,231994,3,7,6,05,18,7,0,0,0,1,1,0
"POINT (9.717396960000031 52.350841134000063)",Unfall 232015 (2019) Kat:3, Licht: 0,232015,3,6,2,05,13,6,0,0,0,1,0,0
"POINT (9.702365202000067 52.375032776000069)",Unfall 232016 (2019) Kat:3, Licht: 0,232016,3,5,0,05,14,6,0,0,1,1,0,0
"POINT (9.751242109000032 52.372427029000050)",Unfall 232017 (2019) Kat:3, Licht: 0,232017,3,2,2,05,11,6,0,0,1,1,0,0
"POINT (9.781565584000077 52.418455442000038)",Unfall 232018 (2019) Kat:3, Licht: 0,232018,3,3,5,05,11,6,1,0,1,1,0,0
"POINT (9.479830335000031 52.425167904000034)",Unfall 232019 (2019) Kat:3, Licht: 0,232019,3,1,8,05,10,6,1,0,0,1,0,0
"POINT (9.708495581000022 52.388403818000029)",Unfall 232020 (2019) Kat:2, Licht: 0,232020,2,4,6,05,19,6,0,0,0,0,1,0
"POINT (9.432656813000051 52.426953164000054)",Unfall 232039 (2019) Kat:3, Licht: 1,232039,3,7,0,05,21,7,0,1,1,0,0,0
"POINT (9.803717446000064 52.394522739000081)",Unfall 232050 (2019) Kat:3, Licht: 0,232050,3,2,5,05,07,5,0,0,1,1,0,0
"POINT (9.737986574000047 52.419074078000051)",Unfall 232051 (2019) Kat:3, Licht: 0,232051,3,3,0,05,10,5,0,0,1,0,0,0
"POINT (9.828821675000029 52.427640294000071)",Unfall 232052 (2019) Kat:3, Licht: 0,232052,3,2,5,05,18,5,0,0,0,1,0,0
"POINT (9.913638968000043 52.515473606000057)",Unfall 232053 (2019) Kat:3, Licht: 0,232053,3,6,4,05,07,5,1,0,0,1,0,1
"POINT (9.748272114000031 52.390973534000068)",Unfall 232054 (2019) Kat:3, Licht: 2,232054,3,2,5,05,23,5,0,2,0,1,0,0
"POINT (9.760866283000041 52.416386622000061)",Unfall 232055 (2019) Kat:3, Licht: 0,232055,3,3,6,05,14,5,0,0,0,1,1,0
"POINT (9.731023639000057 52.378463946000068)",Unfall 232056 (2019) Kat:3, Licht: 0,232056,3,2,2,05,14,5,0,0,0,1,0,0
"POINT (9.753580228000033 52.441581891000055)",Unfall 232057 (2019) Kat:2, Licht: 0,232057,2,3,5,05,12,5,0,0,1,1,0,0
"POINT (9.753959980000047 52.363375097000073)",Unfall 232058 (2019) Kat:3, Licht: 0,232058,3,1,0,05,08,5,1,0,1,0,0,0
"POINT (9.719700091000050 52.439100298000028)",Unfall 232059 (2019) Kat:2, Licht: 0,232059,2,1,0,05,08,5,1,0,0,0,0,1
"POINT (9.732599023000034 52.379076755000028)",Unfall 232066 (2019) Kat:3, Licht: 0,232066,3,7,0,05,16,7,0,0,1,0,0,0
"POINT (9.716794365000055 52.354303331000040)",Unfall 232086 (2019) Kat:3, Licht: 0,232086,3,3,5,05,13,4,1,0,1,1,0,0
"POINT (9.739337313000021 52.382680663000031)",Unfall 232087 (2019) Kat:3, Licht: 0,232087,3,5,1,05,12,4,0,0,0,1,0,0
"POINT (9.702633792000029 52.337488887000063)",Unfall 232112 (2019) Kat:3, Licht: 0,232112,3,2,5,05,16,3,0,0,1,1,0,0
"POINT (9.717305252000074 52.368521986000076)",Unfall 232113 (2019) Kat:3, Licht: 0,232113,3,7,2,05,12,3,0,0,0,1,0,0
"POINT (9.455648979000046 52.304622996000035)",Unfall 232114 (2019) Kat:3, Licht: 0,232114,3,7,0,05,13,3,0,0,0,1,0,0
"POINT (10.011893321000059 52.440118192000057)",Unfall 232115 (2019) Kat:3, Licht: 0,232115,3,1,8,05,09,3,0,0,1,0,0,0
"POINT (9.696484151000050 52.372232816000064)",Unfall 232116 (2019) Kat:2, Licht: 0,232116,2,7,0,05,16,3,0,0,0,1,0,0
"POINT (9.802776701000028 52.401589420000050)",Unfall 232117 (2019) Kat:2, Licht: 0,232117,2,4,6,05,16,3,0,0,0,1,1,0
"POINT (9.746646099000031 52.383978319000050)",Unfall 232118 (2019) Kat:3, Licht: 0,232118,3,2,5,05,13,3,0,0,1,0,0,0
"POINT (9.755926715000044 52.377661020000062)",Unfall 232119 (2019) Kat:3, Licht: 0,232119,3,6,2,05,15,3,0,0,1,0,0,0
"POINT (9.819260199000041 52.390619325000046)",Unfall 232120 (2019) Kat:3, Licht: 0,232120,3,3,5,05,14,7,1,0,0,1,0,0
"POINT (9.705439320000039 52.372955586000046)",Unfall 232121 (2019) Kat:3, Licht: 0,232121,3,2,5,05,14,3,0,0,0,1,0,1
"POINT (9.746404686000062 52.392944485000044)",Unfall 232122 (2019) Kat:3, Licht: 0,232122,3,5,1,05,14,3,0,0,0,1,0,0
"POINT (9.699090143000035 52.419503164000048)",Unfall 232123 (2019) Kat:3, Licht: 0,232123,3,1,0,05,11,3,0,0,0,1,0,0
"POINT (9.825283368000044 52.339739474000055)",Unfall 232157 (2019) Kat:3, Licht: 0,232157,3,6,2,05,18,2,1,0,0,1,0,0
"POINT (9.722409650000031 52.387092417000076)",Unfall 232158 (2019) Kat:3, Licht: 0,232158,3,4,6,05,10,2,0,0,1,0,1,0
"POINT (9.728813381000066 52.558475297000030)",Unfall 232159 (2019) Kat:3, Licht: 0,232159,3,3,5,05,19,2,0,0,1,1,0,0
"POINT (9.731009183000026 52.378648057000078)",Unfall 232172 (2019) Kat:3, Licht: 0,232172,3,2,5,05,11,1,0,0,1,1,0,0
"POINT (9.693298212000059 52.365210643000069)",Unfall 232198 (2019) Kat:2, Licht: 2,232198,2,3,0,05,00,7,0,2,0,1,0,0
"POINT (9.719537290000062 52.387271101000067)",Unfall 232199 (2019) Kat:3, Licht: 0,232199,3,5,1,05,11,7,0,0,1,1,0,0
"POINT (9.821549850000054 52.339414258000033)",Unfall 232227 (2019) Kat:3, Licht: 0,232227,3,3,5,05,07,6,0,0,1,0,0,0
"POINT (9.765534670000022 52.418432256000074)",Unfall 232228 (2019) Kat:3, Licht: 0,232228,3,7,8,05,14,6,0,0,0,1,0,0
"POINT (9.976119479000033 52.377454321000073)",Unfall 232229 (2019) Kat:3, Licht: 0,232229,3,7,0,05,17,6,0,0,1,0,1,0
"POINT (9.747361415000057 52.365231921000031)",Unfall 232230 (2019) Kat:2, Licht: 0,232230,2,7,0,05,13,6,0,0,1,0,0,0
"POINT (9.729462542000022 52.421737419000067)",Unfall 232231 (2019) Kat:3, Licht: 0,232231,3,3,5,05,12,6,0,0,1,1,0,0
"POINT (9.794274477000045 52.393517862000067)",Unfall 232232 (2019) Kat:3, Licht: 0,232232,3,3,5,05,11,6,0,0,1,0,0,1
"POINT (9.509360059000073 52.281827100000044)",Unfall 232254 (2019) Kat:2, Licht: 0,232254,2,3,0,05,12,1,0,0,1,1,0,0
"POINT (9.732405292000067 52.379135516000076)",Unfall 232255 (2019) Kat:3, Licht: 0,232255,3,3,5,05,14,1,0,0,1,1,0,0
"POINT (9.720201111000051 52.375769567000077)",Unfall 232285 (2019) Kat:3, Licht: 0,232285,3,7,0,05,19,7,0,0,1,0,1,0
"POINT (9.726278742000034 52.388351882000052)",Unfall 232287 (2019) Kat:3, Licht: 0,232287,3,2,5,05,17,7,0,0,1,0,0,0
"POINT (10.008927670000048 52.446010040000033)",Unfall 232288 (2019) Kat:2, Licht: 0,232288,2,3,0,05,11,7,0,0,1,0,0,0
"POINT (9.663377534000063 52.410741861000076)",Unfall 232311 (2019) Kat:3, Licht: 0,232311,3,2,5,05,14,6,0,0,1,0,0,0
"POINT (9.834448738000049 52.393945242000029)",Unfall 232312 (2019) Kat:3, Licht: 0,232312,3,6,6,05,09,6,0,0,0,1,0,0
"POINT (9.762903567000024 52.408484980000026)",Unfall 232313 (2019) Kat:3, Licht: 0,232313,3,5,6,05,08,6,0,0,0,1,1,0
"POINT (9.738911794000046 52.382445765000057)",Unfall 232314 (2019) Kat:3, Licht: 0,232314,3,6,2,05,14,6,0,0,0,1,0,0
"POINT (9.745818264000036 52.378957441000068)",Unfall 232315 (2019) Kat:3, Licht: 0,232315,3,3,5,05,06,6,1,0,1,1,0,0
"POINT (9.744151416000022 52.448358221000035)",Unfall 232316 (2019) Kat:3, Licht: 0,232316,3,6,3,05,07,6,0,0,1,0,0,0
"POINT (9.705913599000041 52.390785021000056)",Unfall 232317 (2019) Kat:3, Licht: 0,232317,3,2,5,05,13,6,0,0,1,1,0,0
"POINT (9.667990177000036 52.409623773000078)",Unfall 232353 (2019) Kat:3, Licht: 0,232353,3,6,2,05,16,5,1,0,0,1,0,0
"POINT (9.641604474000076 52.416235450000045)",Unfall 232354 (2019) Kat:3, Licht: 0,232354,3,6,2,05,16,5,1,0,0,1,0,0
"POINT (9.658779636000077 52.406142013000078)",Unfall 232355 (2019) Kat:3, Licht: 0,232355,3,7,0,05,13,5,1,0,1,0,0,0
"POINT (9.719844288000047 52.368050037000046)",Unfall 232356 (2019) Kat:3, Licht: 0,232356,3,2,5,05,13,5,1,0,1,1,0,0
"POINT (9.757312350000063 52.376616298000044)",Unfall 232357 (2019) Kat:3, Licht: 0,232357,3,3,5,05,10,5,1,0,0,1,1,0
"POINT (9.599962642000037 52.446601264000037)",Unfall 232358 (2019) Kat:3, Licht: 0,232358,3,1,0,05,15,5,1,0,1,0,0,0
"POINT (9.736080195000056 52.416207385000064)",Unfall 232359 (2019) Kat:2, Licht: 0,232359,2,3,5,05,16,5,1,0,0,1,0,0
"POINT (9.674023275000025 52.413931609000031)",Unfall 232360 (2019) Kat:2, Licht: 0,232360,2,3,5,05,13,5,1,0,0,1,0,1
"POINT (9.677536295000039 52.396008716000040)",Unfall 232403 (2019) Kat:3, Licht: 0,232403,3,3,5,05,15,4,0,0,1,1,0,0
"POINT (9.717073170000049 52.344901338000057)",Unfall 232404 (2019) Kat:3, Licht: 0,232404,3,3,5,05,06,4,0,0,1,1,0,0
"POINT (9.609849641000039 52.434029688000066)",Unfall 232405 (2019) Kat:3, Licht: 0,232405,3,5,4,05,15,4,0,0,1,1,0,0
"POINT (9.952502663000075 52.321383742000080)",Unfall 232406 (2019) Kat:3, Licht: 0,232406,3,3,5,05,17,4,0,0,0,1,0,0
"POINT (9.730956518000028 52.378631835000078)",Unfall 232407 (2019) Kat:3, Licht: 0,232407,3,2,5,05,19,4,0,0,1,1,0,0
"POINT (9.718533093000076 52.373725736000040)",Unfall 232408 (2019) Kat:3, Licht: 0,232408,3,6,2,05,14,4,0,0,0,1,0,1
"POINT (9.695172438000043 52.337428757000055)",Unfall 232409 (2019) Kat:3, Licht: 0,232409,3,6,2,05,11,4,0,0,0,1,0,0
"POINT (9.739092857000060 52.432536956000035)",Unfall 232410 (2019) Kat:2, Licht: 0,232410,2,7,0,05,10,4,0,0,1,0,0,0
"POINT (9.721445128000028 52.355060536000053)",Unfall 232434 (2019) Kat:3, Licht: 0,232434,3,6,2,05,15,3,0,0,0,1,0,0
"POINT (9.718800486000021 52.374076437000042)",Unfall 232435 (2019) Kat:3, Licht: 0,232435,3,7,0,05,13,3,0,0,1,0,0,0
"POINT (9.711820766000074 52.370894404000069)",Unfall 232436 (2019) Kat:3, Licht: 1,232436,3,7,6,05,21,3,0,1,1,0,1,0
"POINT (9.691555118000053 52.375339484000051)",Unfall 232437 (2019) Kat:3, Licht: 0,232437,3,1,0,05,14,3,0,0,1,0,0,0
"POINT (9.761288082000021 52.367107197000053)",Unfall 232438 (2019) Kat:3, Licht: 1,232438,3,7,3,05,21,3,0,1,1,1,0,0
"POINT (9.741671937000035 52.380236051000054)",Unfall 232439 (2019) Kat:3, Licht: 0,232439,3,3,5,05,10,3,0,0,1,1,0,0
"POINT (9.615641337000056 52.427243667000027)",Unfall 232440 (2019) Kat:2, Licht: 0,232440,2,5,0,05,15,3,0,0,0,1,0,1
"POINT (9.799314518000074 52.314784604000067)",Unfall 232442 (2019) Kat:3, Licht: 0,232442,3,1,0,05,12,3,0,0,1,0,0,0
"POINT (9.748310139000068 52.378273015000048)",Unfall 232443 (2019) Kat:3, Licht: 0,232443,3,6,4,05,10,3,0,0,1,0,0,0
"POINT (9.478655645000060 52.429522333000079)",Unfall 232460 (2019) Kat:3, Licht: 0,232460,3,6,3,05,12,2,0,0,1,0,0,0
"POINT (9.703912224000021 52.374626463000027)",Unfall 232468 (2019) Kat:3, Licht: 0,232468,3,5,1,05,19,2,0,0,1,1,0,0
"POINT (9.772929840000074 52.397871236000071)",Unfall 232474 (2019) Kat:3, Licht: 0,232474,3,6,2,05,17,2,0,0,0,1,0,0
"POINT (9.734987636000028 52.370084780000070)",Unfall 232476 (2019) Kat:3, Licht: 0,232476,3,5,3,05,18,2,0,0,1,1,0,0
"POINT (10.016492490000076 52.455797263000079)",Unfall 232477 (2019) Kat:3, Licht: 0,232477,3,3,5,05,07,2,0,0,1,1,0,0
"POINT (9.820038491000048 52.300210637000077)",Unfall 232479 (2019) Kat:3, Licht: 0,232479,3,2,5,05,16,2,0,0,1,1,0,0
"POINT (9.701248348000036 52.395135447000030)",Unfall 232496 (2019) Kat:3, Licht: 0,232496,3,6,2,05,14,1,0,0,1,1,0,0
"POINT (9.710443404000046 52.360253721000049)",Unfall 232497 (2019) Kat:3, Licht: 0,232497,3,1,9,05,14,1,0,0,0,1,0,0
"POINT (9.728030417000070 52.374178499000038)",Unfall 232498 (2019) Kat:3, Licht: 0,232498,3,3,5,05,16,1,0,0,1,1,0,0
"POINT (9.774486434000039 52.372943870000029)",Unfall 232499 (2019) Kat:3, Licht: 0,232499,3,3,5,05,15,1,0,0,1,1,0,0
"POINT (9.756767371000024 52.420354405000069)",Unfall 232500 (2019) Kat:2, Licht: 0,232500,2,3,5,05,14,1,0,0,1,1,0,0
"POINT (9.728162889000032 52.340658145000077)",Unfall 232547 (2019) Kat:3, Licht: 0,232547,3,3,5,05,18,2,0,0,1,1,0,0
"POINT (9.705827334000048 52.372230254000044)",Unfall 232548 (2019) Kat:3, Licht: 2,232548,3,2,4,05,22,2,0,2,1,1,0,0
"POINT (9.661437175000060 52.373579263000067)",Unfall 232549 (2019) Kat:3, Licht: 0,232549,3,7,1,05,07,2,1,0,1,1,0,0
"POINT (9.839451412000074 52.272494833000053)",Unfall 232550 (2019) Kat:3, Licht: 0,232550,3,3,5,05,18,2,0,0,1,1,0,0
"POINT (9.809017593000021 52.332185786000082)",Unfall 232551 (2019) Kat:3, Licht: 0,232551,3,6,2,05,08,2,0,0,0,1,0,0
"POINT (9.724459876000026 52.381754706000038)",Unfall 232552 (2019) Kat:3, Licht: 1,232552,3,5,1,05,20,2,0,1,1,1,0,0
"POINT (9.528064498000049 52.576207265000050)",Unfall 232553 (2019) Kat:2, Licht: 0,232553,2,1,0,05,14,2,0,0,1,0,0,0
"POINT (10.002118238000037 52.448304845000052)",Unfall 232555 (2019) Kat:3, Licht: 0,232555,3,3,5,05,15,2,0,0,1,1,0,0
"POINT (9.702804479000065 52.369373563000067)",Unfall 232556 (2019) Kat:2, Licht: 0,232556,2,2,5,05,09,2,1,0,0,0,0,1
"POINT (9.738106389000052 52.381827301000044)",Unfall 232567 (2019) Kat:3, Licht: 0,232567,3,2,5,05,16,3,0,0,1,1,0,0
"POINT (9.772408135000035 52.350636567000038)",Unfall 232573 (2019) Kat:3, Licht: 0,232573,3,3,5,05,16,1,0,0,1,0,0,0
"POINT (9.697325782000064 52.341717518000053)",Unfall 232574 (2019) Kat:3, Licht: 0,232574,3,2,5,05,18,1,0,0,0,1,0,0
"POINT (9.728362395000033 52.377880131000040)",Unfall 232575 (2019) Kat:3, Licht: 0,232575,3,6,2,05,20,1,0,0,0,1,0,0
"POINT (9.603092683000057 52.316666473000055)",Unfall 232576 (2019) Kat:2, Licht: 0,232576,2,1,0,05,13,1,0,0,1,0,0,0
"POINT (9.753433611000048 52.390340849000040)",Unfall 232577 (2019) Kat:3, Licht: 2,232577,3,2,5,05,01,1,0,2,0,1,0,0
"POINT (9.749193769000044 52.350530453000033)",Unfall 232598 (2019) Kat:3, Licht: 0,232598,3,6,0,05,21,7,0,0,1,0,0,0
"POINT (9.741525039000067 52.380224996000038)",Unfall 232600 (2019) Kat:3, Licht: 0,232600,3,3,5,05,15,7,0,0,1,1,0,0
"POINT (9.745036589000051 52.381959705000043)",Unfall 232601 (2019) Kat:3, Licht: 0,232601,3,1,0,05,14,7,0,0,1,0,0,0
"POINT (9.744548333000068 52.385081181000032)",Unfall 232602 (2019) Kat:3, Licht: 0,232602,3,2,5,05,14,7,0,0,1,1,0,0
"POINT (9.751878391000048 52.392555174000051)",Unfall 232603 (2019) Kat:3, Licht: 0,232603,3,3,5,05,13,7,0,0,1,1,0,0
"POINT (9.702895664000039 52.374951443000043)",Unfall 232604 (2019) Kat:3, Licht: 0,232604,3,2,5,05,09,7,0,0,1,1,0,0
"POINT (9.764902666000069 52.381142334000060)",Unfall 232620 (2019) Kat:3, Licht: 0,232620,3,3,0,05,10,3,0,0,0,1,0,0
"POINT (9.718160493000028 52.386254283000028)",Unfall 232642 (2019) Kat:3, Licht: 0,232642,3,7,1,05,17,6,0,0,1,1,0,0
"POINT (9.791627470000037 52.403018354000039)",Unfall 232643 (2019) Kat:3, Licht: 0,232643,3,6,2,05,18,6,1,0,0,1,0,0
"POINT (9.791022757000064 52.400000180000063)",Unfall 232644 (2019) Kat:3, Licht: 0,232644,3,1,0,05,15,6,0,0,1,0,0,0
"POINT (9.786020389000044 52.393205552000040)",Unfall 232645 (2019) Kat:3, Licht: 0,232645,3,2,5,05,12,6,0,0,0,1,0,0
"POINT (9.677860539000051 52.345810330000063)",Unfall 232646 (2019) Kat:3, Licht: 0,232646,3,3,5,05,06,6,0,0,1,1,0,0
"POINT (9.609358895000071 52.446854656000028)",Unfall 232647 (2019) Kat:3, Licht: 0,232647,3,3,5,05,15,6,0,0,1,1,0,0
"POINT (9.981886938000059 52.379783648000057)",Unfall 232648 (2019) Kat:3, Licht: 1,232648,3,7,6,05,04,6,0,1,0,1,1,0
"POINT (9.756087790000038 52.448982641000043)",Unfall 232649 (2019) Kat:3, Licht: 0,232649,3,6,4,05,20,6,0,0,0,1,0,0
"POINT (9.766571803000034 52.357772766000039)",Unfall 232650 (2019) Kat:2, Licht: 0,232650,2,4,0,05,09,6,0,0,0,1,1,0
"POINT (9.790647654000054 52.328758686000072)",Unfall 232677 (2019) Kat:3, Licht: 0,232677,3,2,2,05,10,3,0,0,0,1,0,0
"POINT (9.705032553000024 52.346220547000030)",Unfall 232680 (2019) Kat:3, Licht: 0,232680,3,7,0,05,15,5,0,0,1,0,0,0
"POINT (9.717232995000074 52.346067489000063)",Unfall 232681 (2019) Kat:3, Licht: 0,232681,3,6,2,05,10,5,0,0,0,1,0,0
"POINT (9.799149678000049 52.384706031000064)",Unfall 232682 (2019) Kat:3, Licht: 0,232682,3,7,7,05,08,5,0,0,1,1,0,0
"POINT (9.823360387000037 52.402285685000038)",Unfall 232683 (2019) Kat:3, Licht: 0,232683,3,4,6,05,18,5,0,0,0,1,1,0
"POINT (9.753298753000024 52.382832608000058)",Unfall 232684 (2019) Kat:3, Licht: 0,232684,3,3,5,05,15,5,0,0,0,1,0,1
"POINT (9.961875934000034 52.389653841000040)",Unfall 232685 (2019) Kat:3, Licht: 1,232685,3,3,5,05,20,5,0,1,0,1,0,0
"POINT (9.960281359000021 52.331926880000026)",Unfall 232686 (2019) Kat:2, Licht: 0,232686,2,7,0,05,13,5,0,0,0,0,0,1
"POINT (9.695892785000069 52.439430447000063)",Unfall 232687 (2019) Kat:3, Licht: 0,232687,3,3,5,05,10,5,0,0,0,1,0,0
"POINT (9.735160600000029 52.376717465000070)",Unfall 232688 (2019) Kat:3, Licht: 0,232688,3,2,2,05,16,5,0,0,0,1,0,0
"POINT (9.664209086000028 52.409654727000031)",Unfall 232689 (2019) Kat:3, Licht: 0,232689,3,5,1,05,14,5,0,0,1,1,0,0
"POINT (9.722367513000052 52.385096821000047)",Unfall 232690 (2019) Kat:3, Licht: 0,232690,3,4,6,05,13,5,0,0,1,0,1,0
"POINT (9.702898701000038 52.399766362000037)",Unfall 232691 (2019) Kat:3, Licht: 0,232691,3,6,2,05,12,5,0,0,0,1,0,0
"POINT (9.654406290000054 52.410057176000066)",Unfall 232692 (2019) Kat:3, Licht: 0,232692,3,3,5,05,09,5,0,0,1,1,0,0
"POINT (9.744691815000067 52.395180918000051)",Unfall 232693 (2019) Kat:3, Licht: 0,232693,3,2,5,05,06,5,0,0,1,1,0,0
"POINT (9.693458848000034 52.392283431000067)",Unfall 232716 (2019) Kat:3, Licht: 0,232716,3,6,0,05,18,4,0,0,1,1,0,0
"POINT (9.714512610000043 52.383421126000030)",Unfall 232718 (2019) Kat:3, Licht: 0,232718,3,6,6,05,08,4,1,0,1,0,1,0
"POINT (9.763341371000024 52.374904608000065)",Unfall 232719 (2019) Kat:3, Licht: 0,232719,3,2,5,05,08,4,1,0,1,1,0,0
"POINT (9.731696831000022 52.423417635000078)",Unfall 232720 (2019) Kat:3, Licht: 0,232720,3,3,5,05,18,4,0,0,0,1,0,0
"POINT (10.015571873000056 52.443088450000062)",Unfall 232721 (2019) Kat:3, Licht: 0,232721,3,7,6,05,11,4,0,0,1,0,1,0
"POINT (9.765280667000070 52.263681994000081)",Unfall 232722 (2019) Kat:2, Licht: 0,232722,2,2,6,05,12,4,0,0,0,1,1,0
"POINT (9.721396876000028 52.387650639000071)",Unfall 232723 (2019) Kat:3, Licht: 0,232723,3,4,6,05,10,4,0,0,0,0,1,0
"POINT (9.683389403000035 52.393826658000080)",Unfall 232724 (2019) Kat:3, Licht: 0,232724,3,4,6,05,08,4,0,0,0,1,1,0
"POINT (9.745849901000042 52.354747270000075)",Unfall 232725 (2019) Kat:2, Licht: 0,232725,2,6,2,05,08,4,1,0,0,1,0,1
"POINT (9.703774130000056 52.374662808000039)",Unfall 232730 (2019) Kat:2, Licht: 0,232730,2,7,0,05,19,3,0,0,1,0,0,0
"POINT (9.762367910000023 52.357931335000046)",Unfall 232753 (2019) Kat:3, Licht: 0,232753,3,3,0,05,08,3,1,0,1,1,0,0
"POINT (9.722041781000030 52.417104123000058)",Unfall 232754 (2019) Kat:3, Licht: 0,232754,3,7,0,05,12,3,1,0,1,0,0,0
"POINT (9.545506592000038 52.215673624000033)",Unfall 232755 (2019) Kat:3, Licht: 0,232755,3,2,5,05,13,3,1,0,1,1,0,0
"POINT (9.600743511000076 52.437867655000048)",Unfall 232756 (2019) Kat:3, Licht: 0,232756,3,3,5,05,16,3,1,0,0,1,0,0
"POINT (9.611783364000075 52.446885549000058)",Unfall 232757 (2019) Kat:3, Licht: 0,232757,3,2,2,05,12,3,1,0,0,1,0,0
"POINT (9.750233794000053 52.392609261000075)",Unfall 232758 (2019) Kat:2, Licht: 0,232758,2,2,6,05,17,3,1,0,0,1,1,0
"POINT (9.712855759000036 52.359639820000041)",Unfall 232759 (2019) Kat:3, Licht: 0,232759,3,3,5,05,13,3,1,0,0,1,0,0
"POINT (9.602097059000073 52.438026452000031)",Unfall 232760 (2019) Kat:2, Licht: 0,232760,2,3,5,05,13,3,1,0,1,1,0,0
"POINT (9.850893566000025 52.412467572000082)",Unfall 232761 (2019) Kat:3, Licht: 0,232761,3,1,9,05,11,3,1,0,0,1,0,0
"POINT (9.632244960000037 52.411111017000053)",Unfall 232951 (2019) Kat:3, Licht: 1,232951,3,3,5,05,22,6,0,1,0,1,0,0
"POINT (9.733810386000073 52.384690844000033)",Unfall 232952 (2019) Kat:3, Licht: 0,232952,3,3,5,05,16,6,0,0,0,1,0,1
"POINT (9.736503736000032 52.377654500000062)",Unfall 232953 (2019) Kat:3, Licht: 0,232953,3,5,1,05,12,6,0,0,1,1,0,0
"POINT (9.597465532000058 52.419350781000048)",Unfall 232954 (2019) Kat:3, Licht: 0,232954,3,3,5,05,13,6,0,0,1,1,0,0
"POINT (9.747405594000043 52.518261976000076)",Unfall 232956 (2019) Kat:3, Licht: 0,232956,3,3,5,05,09,6,1,0,0,1,0,0
"POINT (9.891038637000065 52.466102673000080)",Unfall 232957 (2019) Kat:3, Licht: 0,232957,3,7,0,05,13,6,0,0,0,1,0,0
"POINT (9.696425461000047 52.411137872000040)",Unfall 232958 (2019) Kat:3, Licht: 0,232958,3,3,5,05,14,6,0,0,1,0,0,0
"POINT (9.718042802000070 52.368418708000036)",Unfall 232983 (2019) Kat:2, Licht: 0,232983,2,7,0,05,19,5,0,0,1,0,0,0
"POINT (9.710950886000035 52.382647126000052)",Unfall 232984 (2019) Kat:3, Licht: 0,232984,3,1,6,05,18,5,0,0,1,0,1,0
"POINT (9.750454184000034 52.375710823000077)",Unfall 233021 (2019) Kat:3, Licht: 0,233021,3,6,2,05,07,4,0,0,0,1,0,0
"POINT (9.740782574000036 52.374747365000076)",Unfall 233022 (2019) Kat:3, Licht: 0,233022,3,4,6,05,18,4,0,0,1,0,1,0
"POINT (9.748648398000057 52.264793956000062)",Unfall 233023 (2019) Kat:3, Licht: 0,233023,3,6,2,05,07,4,0,0,1,1,0,0
"POINT (9.711188801000048 52.216017846000057)",Unfall 233024 (2019) Kat:3, Licht: 0,233024,3,7,0,05,16,4,0,0,1,0,0,0
"POINT (9.483651982000026 52.311256328000070)",Unfall 233025 (2019) Kat:3, Licht: 0,233025,3,3,5,05,17,4,0,0,1,1,0,0
"POINT (9.982237773000065 52.381475662000071)",Unfall 233026 (2019) Kat:3, Licht: 0,233026,3,3,5,05,07,4,0,0,1,1,0,0